District,Age
Kathmandu,18
Parbat,40
Palpa,14
Palpa,11
Nuwakot,NA
Makwanpur,35
Ramechhap,43
India,15
Kirtipur,19
Makwanpur,25
Dang,28
Kathmandu,16
Okhaldhunga,30
Lalitpur,27
Kathmandu,16
Dhankuta,27
Banke,17
Siraha,50
Jhapa,14
Jhapa,39
Jhapa,35
Rautahat,28
Mahottari,45
Sunsari,NA
Gulmi,27
Rupandehi,71
Morang,22
Nuwakot,34
Jhapa,60
Khotang,17
Udayapur,NA
Rupandehi,31
Lamjung,29
Solukhumbu,17
Kathmandu,NA
Kathmandu,NA
Gulmi,65
Morang,66
Kavrepalanchok,18
Kavrepalanchok,16
Kavrepalanchok,16
Kavrepalanchok,50
Kavrepalanchok,30
Kaski,16
Morang,16
Banke,32
Gulmi,20
Bara,NA
Kavrepalanchok,38
India,16
Pyuthan,26
Rautahat,NA
Rautahat,NA
Rautahat,NA
Rautahat,NA
Rautahat,NA
Rautahat,NA
Dolakha,26
Nuwakot,28
Kavrepalanchok,38
Sarlahi,56
Bara,72
Bhojpur,NA
Kavrepalanchok,70
Khotang,NA
Khotang,60
Myagdi,18
Morang,31
Morang,NA
Morang,NA
Morang,NA
Sunsari,45
Terhathum,68
Jhapa,NA
Jhapa,NA
Jhapa,NA
Jhapa,NA
Jhapa,NA
Jhapa,NA
Jhapa,NA
Jhapa,NA
Jhapa,NA
Jhapa,NA
Sarlahi,39
Sarlahi,29
Rautahat,45
Dang,33
Syangja,29
Kailali,NA
Kanchanpur,22
Kanchanpur,24
Gorkha,23
Kathmandu,23
Dadeldhura,59
Jhapa,30
Dhanusa,23
Sunsari,32
Banke,NA
Banke,NA
Banke,NA
Banke,NA
Banke,NA
Kavrepalanchok,24
Morang,NA
Kanchanpur,46
Dang,24
Panchthar,17
Dolakha,NA
Morang,19
Kailali,25
Ilam,NA
Rupandehi,14
Kaski,28
Chitwan,NA
Terhathum,32
Kathmandu,68
Tanahu,63
Sunsari,30
Sunsari,19
Sunsari,18
Tanahu,29
Khotang,65
Tanahu,29
Gulmi,17
Gulmi,20
Udayapur,20
Makwanpur,28
Ilam,18
Dang,21
Dang,NA
Dang,NA
Dang,NA
Rautahat,45
Siraha,NA
Siraha,NA
Siraha,NA
Siraha,NA
Siraha,NA
Rukum,NA
Sindhupalchok,54
Jhapa,40
Morang,21
Kapilvastu,50
Banke,36
Jhapa,46
Morang,37
Sindhupalchok,20
Baglung,NA
Makwanpur,68
Jhapa,45
Bardiya,20
Khotang,NA
Morang,47
Khotang,14
Tanahu,24
Bara,NA
Rupandehi,42
Rupandehi,33
Salyan,30
Sindhupalchok,22
Kapilvastu,17
Morang,29
Baglung,35
Jajarkot,13
Sarlahi,16
Rautahat,14
Kapilvastu,42
Panchthar,56
Rautahat,45
Lalitpur,20
Udayapur,35
Dailekh,45
Jhapa,40
Myagdi,35
Gorkha,16
Khotang,36
Udayapur,30
Udayapur,21
Kapilvastu,40
Kanchanpur,NA
Kavrepalanchok,NA
Bara,NA
Jhapa,26
Jhapa,NA
Terhathum,18
Jhapa,40
Jhapa,44
Jhapa,40
Tanahu,17
Tanahu,15
Tanahu,15
Tanahu,18
Tanahu,18
Panchthar,NA
Kapilvastu,22
Arghakhanchi,25
Siraha,70
Rautahat,25
Rautahat,30
Mahottari,70
Dhanusha,45
Rautahat,18
Taplejung,37
Kapilvastu,22
Kapilvastu,27
Rautahat,NA
Sarlahi,50
Sarlahi,20
Dolakha,52
Tanahu,22
Morang,22
Rautahat,45
"West Bengal, India",42
Pyuthan,20
Kaski,24
Morang,40
Bhojpur,40
Lalitpur,NA
Makwanpur,30
Khotang,NA
Panchthar,22
Panchthar,22
Kathmandu,NA
Sindhupalchok,19
Parasi,45
Parasi,18
Kanchanpur,19
India,19
Myagdi,35
Siraha,23
Siraha,33
Siraha,29
Darchula,22
Ilam,31
Mahottari,35
Kavrepalanchok,77
Bhaktapur,20
Bhaktapur,46
Khotang,NA
Sarlahi,37
Kaski,32
Sindhupalchok,50
Kanchanpur,29
Makwanpur,24
Makwanpur,26
Makwanpur,23
Dailekh,34
Kavrepalanchok,19
Kachanpur,22
Udayapur,30
Udayapur,32
Bara,26
Salyan,35
Dang,29
Surkhet,NA
Surkhet,NA
Surkhet,NA
Kapilvastu,NA
"Motihari, India",NA
Parsa,45
Sunsari,28
Sunsari,25
Sunsari,22
Sunsari,NA
Sunsari,16
Sunsari,20
Bardiya,38
Gorkha,31
Surkhet,30
Surkhet,31
Surkhet,31
Parbat,22
Kanchanpur,NA
Rautahat,15
Makwanpur,24
Makwanpur,60
Myagdi,47
Ilam,NA
Bardiya,58
Saptari,20
Taplejung,25
Udayapur,40
Kanchanpur,38
Panchthar,14
Kapilvastu,47
Kalikot,24
Sunsari,23
Morang,28
Banke,26
Siraha,19
Morang,42
Lamjung,31
Jhapa,20
Panchthar,20
Kapilvastu,29
Kapilvastu,14
Sindhupalchok,24
Rukum West,NA
Kaski,21
Kaski,34
Rautahat,22
Dang,60
Dhanusha,17
Gorkha,66
Udayapur,NA
Udayapur,NA
Myagdi,55
Gorkha,65
Rautahat,NA
Udayapur,16
Dhanusha,19
Morang,18
Siraha,20
Sarlahi,20
Ramechhap,25
Sunsari,22
Okhaldhunga,43
Bhaktapur,22
Bara,22
Kavrepalanchok,28
Morang,26
Syangja,NA
Rautahat,28
Bardiya,16
Bardiya,34
Terhathum,63
Makwanpur,NA
Tanahu,13
Gorkha,51
Sindhupalchok,30
Palpa,88
Jumla,21
Dang,16
Chitwan,24
Kapilvastu,21
Lalitpur,22
Banke,52
Siraha,17
Sunsari,32
Bhojpur,28
Pyuthan,15
Banke,25
Chitwan,16
Kavrepalanchok,22
Dhanusha,17
Dhanusha,NA
Mahottari,25
Mahottari,20
Dang,15
Nawalpur,19
Parsa,30
Chitwan,28
Saptari,19
Saptari,12
Lalitpur,37
Banke,NA
Banke,22
Palpa,NA
Lamjung,72
Baglung,39
Pyuthan,21
Kavrepalanchok,25
Kaski,27
Bardiya,23
Saptari,50
Saptari,18
Udayapur,67
Jajarkot,NA
Baitadi,16
Sindhupalchok,58
Salyan,NA
Kaski,25
Bajura,50
Bardiya,30
Dhanusha,18
Kailali,36
Gulmi,21
Parasi,46
Salyan,63
Makwanpur,49
Khotang,36
Rolpa,18
Rautahat,47
Udayapur,17
Makwanpur,35
Bhojpur,53
Kathmandu,46
Gorkha,44
Kavrepalanchok,66
Dhanusha,NA
Dhanusha,NA
Dhanusha,NA
Mahottari,NA
Kaski,45
Sindhupalchok,17
Jhapa,22
Saptari,59
Mahottari,35
Sunsari,27
Jhapa,60
Chitwan,53
Siraha,43
Siraha,42
Jhapa,55
Palpa,17
Kanchanpur,30
Nuwakot,31
Nuwakot,34
Nuwakot,25
Kanchanpur,23
Parsa,72
Saptari,19
Sunsari,35
Dang,64
Bara,21
Kirtipur,18
Tanahu,13
Bajura,45
Rautahat,17
Khotang,59
Bajhang,22
Bajhang,22
Bajhang,21
Bajhang,NA
Bajhang,NA
Taplejung,20
Bara,43
Kanchanpur,35
Saptari,23
Saptari,18
Kanchanpur,42
Saptari,61
Bardiya,41
Chitwan,24
Lamjung,28
Kapilvastu,20
Parsa,18
Sindhupalchok,37
Kathmandu,21
Saptari,25
Ilam,20
Jhapa,41
Jhapa,30
Khotang,18
Dailekh,18
Kavrepalanchok,19
Dolakha,13
Kavrepalanchok,32
Saudi Country,55
Rautahat,18
Banke,18
Banke,14
Banke,15
Khotang,NA
Dang,18
Udayapur,26
Jajarkot,30
Kanchanpur,27
Banke,NA
Rautahat,26
Banke,45
Dang,35
Jhapa,17
Chitwan,NA
Panchthar,53
Sindhupalchok,29
Sarlahi,40
Sindhupalchok,28
Sunsari,49
Kapilvastu,21
Gorkha,19
Udayapur,30
Mahottari,18
Dang,40
Kailali,20
Kathmandu,25
Bhojpur,43
Udayapur,NA
Udayapur,NA
Kailali,20
Rautahat,40
"Gorakhpur, India",32
Kathmandu,NA
Rupandehi,23
Kavrepalanchok,58
Jhapa,28
Kaski,23
Bhojpur,46
Dang,20
Bhaktapur,28
Kavrepalanchok,24
Jumla,18
Baglung,24
Dang,38
Jajarkot,22
Jajarkot,20
Kanchanpur,32
Bardiya,27
Sindhupalchok,16
Terhathum,20
Udayapur,18
Sunsari,45
Sunsari,56
Sunsari,56
Baitadi,52
Sindhuli,NA
Khotang,NA
Siraha,45
Bhojpur,45
Bhojpur,25
India,26
Kapilvastu,16
Taplejung,20
Sunsari,15
Sunsari,16
Bardiya,52
Parasi,23
Rukum,24
Lamjung,82
Kailali,14
Kailali,13
Kailali,17
Kailali,14
Kailali,14
Kavrepalanchok,17
Solukhumbu,37
Rupandehi,26
Rupandehi,24
Rupandehi,28
Rupandehi,30
Baglung,NA
Kailali,17
Taplejung,21
Mahottari,38
Tanahu,61
Darchula,37
Parasi,20
Kapilvastu,23
Lalitpur,16
Jhapa,47
Banke,58
Kathmandu,42
India,30
Morang,29
Kathmandu,45
Taplejung,51
Chitwan,36
Kaski,28
Lalitpur,20
Kathmandu,NA
Banke,22
Gorkha,85
Surkhet,28
Parsa,35
Bhojpur,32
Rupandehi,56
Ramechhap,28
Kathmandu,28
Rautahat,57
Dhanusha,40
Dang,25
Baitadi,40
Siraha,19
Siraha,19
Siraha,21
Khotang,56
Baitadi,22
Surkhet,48
Makwanpur,40
Mugu,NA
Makwanpur,24
Parsa,18
Siraha,19
Ilam,24
Kathmandu,18
Kathmandu,19
Makwanpur,18
Dhading,16
Australia,45
Tanahu,17
Kathmandu,16
Kavrepalanchok,58
Parasi,27
Kapilvastu,28
Udayapur,25
Siraha,45
Jhapa,29
Terhathum,34
Siraha,18
Siraha,22
Gulmi,18
Gulmi,16
Gulmi,18
Gulmi,24
Baitadi,NA
India,18
"India, Gorakhpur",42
Siraha,50
Saptari,23
Gorkha,85
Ilam,21
Bhaktapur,16
Ramechhap,16
Myagdi,19
Myagdi,39
Udayapur,50
Khotang,54
Udayapur,24
Kathmandu,NA
Bhojpur,21
Saptari,42
Saptari,25
Udayapur,26
Gorkha,42
Siraha,23
Chitwan,52
Chitwan,22
Tanahu,NA
Siraha,28
Siraha,25
Terhathum,17
Arghakhanchi,15
Bhojpur,21
Lalitpur,17
Kavrepalanchok,17
Banke,72
Kathmandu,18
Okhaldhunga,45
Dhanusha,NA
Baglung,35
India,25
Darchula,26
Nuwakot,17
Banke,NA
Chitwan,75
Bardiya,24
Bardiya,29
Parasi,41
Bhojpur,16
Parbat,48
Bhaktapur,NA
Bhaktapur,NA
Bhaktapur,NA
Bhaktapur,NA
Jhapa,18
Rukum West,33
Rupandehi,37
Panchthar,21
Bhaktapur,41
Dang,18
Lamjung,NA
Udayapur,45
Morang,NA
Rukum East,31
Parsa,NA
Ramechhap,38
Kailali,47
Bara,30
Bara,22
Saptari,22
Kavrepalanchok,50
Dhankuta,36
Nawalpur,23
Chitwan,21
Kavrepalanchok,19
Kavrepalanchok,19
Arghakhanchi,68
Morang,22
Dang,NA
Doti,NA
Mugu,NA
Rupandehi,30
Sarlahi,22
Dhanusa,50
Tanahu,45
Parasi,57
Dhanusa,NA
Siraha,25
Siraha,21
Bajura,58
Chitwan,30
Saptari,NA
Rupandehi,16
Myagdi,35
Bardiya,25
Saptari,38
Dang,31
Achham,45
Kaski,55
Udayapur,28
Rupandehi,55
Siraha,38
Bhojpur,22
Bara,83
Kailali,35
Bara,23
Rautahat,45
Siraha,22
Rolpa,13
Kanchanpur,22
Morang,25
Nuwakot,16
Saptari,25
Rupandehi,NA
Jhapa,16
Rautahat,18
Kavrepalanchok,NA
Parasi,32
Lalitpur,21
Rukum West,34
Kaski,NA
Kaski,NA
Sunsari,50
Okhaldhunga,NA
Terhathum,55
Sunsari,55
Siraha,21
Kavrepalanchok,30
Jhapa,42
Siraha,19
Rupandehi,45
Rupandehi,20
Siraha,25
Makwanpur,38
Taplejung,29
Taplejung,31
Taplejung,40
Parsa,21
Siraha,25
Palpa,19
Arghakhanchi,45
Bhaktapur,35
Nawalpur,40
Palpa,25
Bhaktapur,35
Chitwan,39
Chitwan,28
Rupandehi,20
Tanahu,NA
Tanahu,NA
Tanahu,NA
Tanahu,NA
Bara,50
Syangja,71
Gulmi,41
Dolakha,40
Chitwan,40
Rupandehi,43
Kathmandu,27
Dang,44
Kavrepalanchok,19
Saptari,42
Nawalpur,26
Dhanusa,25
Bardiya,19
Rupandehi,27
Dhanusa,25
Kailali,83
Rupandehi,23
Khotang,21
Dhading,23
Khotang,54
Sunsari,35
Dhanusa,35
Kaski,21
Myagdi,32
Ilam,31
Doti,21
Morang,46
Arghakhanchi,39
Makwanpur,45
Khotang,50
Tanahu,25
Okhaldhunga,55
Makwanpur,42
Rupandehi,35
Doti,45
Saptari,20
Jhapa,37
Tanahu,16
Kailali,21
Rupandehi,19
Parasi,21
Bardiya,15
Dadeldhura,25
Dadeldhura,23
Udayapur,52
Siraha,20
Jhapa,40
Nawalpur,45
Surkhet,18
Lalitpur,26
Tanahu,42
Rupandehi,37
Parasi,20
Saptari,NA
Saptari,NA
Lalitpur,45
Rupandehi,53
Kapilvastu,22
Rautahat,19
Lalitpur,34
Dang,35
Terhathum,64
Ramechhap,NA
Bardiya,68
Saptari,45
Solukhumbu,25
Kailali,NA
Kailali,NA
Kailali,NA
Lalitpur,51
Bara,NA
Bara,40
Doti,35
Kathmandu,30
Chitwan,53
Rupandehi,25
Terhathum,62
Siraha,14
Gulmi,NA
Sunsari,30
Dhanusa,28
Lalitpur,20
Kapilvastu,22
Bardiya,35
Siraha,55
Dhading,27
Udayapur,24
Arghakhanchi,60
Dhading,27
Tanahu,19
Sunsari,21
Sunsari,22
Kailali,25
Bardiya,42
Arghakhanchi,42
Mustang,18
Makwanpur,40
Lalitpur,27
Lalitpur,45
Lalitpur,43
Bara,30
Okhaldhunga,65
Makwanpur,20
Jhapa,19
Kanchanpur,22
Kaski,28
Sunsari,35
Chitwan,35
Morang,32
Salyan,42
Parasi,60
Parasi,41
Siraha,22
Nuwakot,35
Saptari,19
Saptari,20
Dhading,47
Sunsari,19
Bhojpur,NA
Rupandehi,30
Palpa,50
Kapilvastu,40
Rupandehi,20
Kathmandu,52
Jhapa,23
Morang,45
Rupandehi,36
Darchula,22
Syangja,68
Parasi,60
Okhaldhunga,16
Kailali,22
Rukum West,25
Dhanusa,20
Dhanusa,18
Saptari,14
Bhaktapur,30
Kapilvastu,27
Bhojpur,20
Bhojpur,28
Makwanpur,42
Chitwan,24
Siraha,22
Kathmandu,23
Dhading,NA
Saptari,NA
Saptari,NA
Bardiya,45
Kathmandu,41
Palpa,28
Pyuthan,29
Achham,20
Arghakhanchi,32
Udayapur,77
Saptari,40
Jajarkot,17
Rasuwa,28
Baitadi,27
Kanchanpur,20
Saptari,28
Bardiya,20
Mugu,28
Bardiya,76
Jhapa,23
Dolpa,39
Banke,NA
Gorkha,40
Rasuwa,30
Morang,20
Morang,25
Morang,22
Morang,22
Rupandehi,22
Nawalpur,65
Morang,41
Dailekh,54
Dang,21
Kathmandu,NA
Sunsari,33
Bardiya,25
Ramechhap,NA
Siraha,22
Mahottari,NA
Lalitpur,29
Nawalpur,18
Kanchanpur,NA
Parasi,32
Bajhang,60
Kailali,31
Jhapa,40
Siraha,20
Udayapur,27
Jajarkot,20
Jajarkot,21
Kanchanpur,31
Sankhuwasabha,39
Nawalpur,23
Nawalpur,16
Lalitpur,21
Parbat,NA
Dolakha,32
Sunsari,NA
Kailali,50
India,20
Lalitpur,25
Lalitpur,30
Udayapur,22
Parsa,40
Bardiya,23
Tanahu,19
Sunsari,21
Kavrepalanchok,21
Sankhuwasabha,44
Kathmandu,NA
Dang,NA
Nuwakot,NA
Dailekh,40
Taplejung,NA
Khotang,24
Bhojpur,38
Kavrepalanchok,32
Surkhet,32
Surkhet,37
Parasi,30
Pyuthan,20
Kanchanpur,NA
Makwanpur,20
Chitwan,49
Kailali,19
Baitadi,50
Baitadi,50
Udayapur,31
Surkhet,48
Baglung,43
Kathmandu,25
Jhapa,30
Parasi,65
Dadeldhura,39
Lalitpur,24
Kanchanpur,29
Kathmandu,31
Sindhupalchok,19
Bardiya,25
Rupandehi,19
Parasi,32
Gulmi,41
Makwanpur,38
Kailali,20
Parasi,NA
Parasi,35
Parasi,30
Dolpa,19
Makwanpur,45
Makwanpur,42
Kathmandu,39
Kathmandu,49
Dang,51
Saptari,20
Ilam,31
Saptari,40
Siraha,20
Kanchanpur,22
Bardiya,30
Rupandehi,18
Bara,NA
Kanchanpur,NA
Rautahat,NA
Syangja,19
Siraha,NA
Siraha,NA
Siraha,20
Siraha,23
Bhaktapur,24
Sunsari,19
Kathmandu,43
Bhaktapur,26
Solukhumbu,44
Lalitpur,NA
Kailali,33
Salyan,23
Dang,18
Dang,28
Myagdi,52
Nawalpur,42
Kailali,NA
Siraha,19
Saptari,25
Panchthar,28
Kanchanpur,21
Darchula,15
Parasi,22
Bara,45
Morang,25
Dolakha,25
Parasi,22
Nawalpur,NA
Morang,NA
Salyan,25
Dailekh,57
Bardiya,28
Dhankuta,24
Banke,24
Dailekh,27
Jhapa,30
Chitwan,18
Chitwan,28
Chitwan,25
Rautahat,54
Ramechhap,24
Saptari,26
Bara,55
Makwanpur,76
Mugu,19
Dhading,28
Gulmi,31
Gulmi,19
Baglung,19
Parsa,36
Kailali,48
Jhapa,29
Jajarkot,22
Lalitpur,NA
Kanchanpur,NA
Kailali,15
Nuwakot,25
Kathmandu,NA
Nuwakot,30
Dang,22
Sindhupalchok,20
Mahottari,25
India,49
Saptari,26
Rupandehi,23
Rupandehi,22
Rupandehi,NA
Rupandehi,NA
Gorkha,18
Kathmandu,21
Dhanusha,26
Saptari,24
Rautahat,41
Gulmi,23
Dhanusha,32
Dhanusha,22
Bajura,NA
Rupandehi,29
Rautahat,14
Myagdi,35
Bhaktapur,NA
Kailali,21
Bhaktapur,21
Lalitpur,NA
Bara,73
Mahottari,NA
Bara,19
Kathmandu,46
Kailali,35
Kailali,31
Kailali,33
Banke,28
Dang,30
Kathmandu,NA
Chitwan,35
Udayapur,47
Sindhuli,26
Dolakha,63
Dang,28
Dang,NA
Dolakha,17
Siraha,38
Dang,22
Kapilvastu,25
Rautahat,28
Rautahat,18
Myagdi,36
Gulmi,20
Bara,40
Banke,20
Banke,19
Sarlahi,30
Bajura,20
Terhathum,41
Jhapa,NA
Mugu,22
Jhapa,25
Rupandehi,NA
Syangja,20
Syangja,23
Kailali,20
Kailali,21
Kailali,20
Kailali,24
Rupandehi,37
Saptari,19
Rautahat,55
Bardiya,15
Kanchanpur,68
Nuwakot,60
Kapilvastu,45
Kapilvastu,17
Dhanusha,27
Bhaktapur,23
Morang,14
Jhapa,16
Udayapur,31
Sunsari,19
Sunsari,NA
Sunsari,NA
Dang,22
Saptari,25
Rautahat,50
Jhapa,52
Siraha,22
Palpa,30
Rupandehi,24
Morang,48
Salyan,33
Bhojpur,68
Darchula,29
Siraha,42
Dhanusha,40
Nuwakot,18
Bhaktapur,59
Morang,39
Nawalpur,29
Rupandehi,19
Dang,25
Parsa,NA
Dhankuta,NA
Dhankuta,NA
Dhankuta,NA
Dhankuta,NA
Kapilvastu,24
Saptari,NA
Morang,24
Sunsari,NA
Dang,21
Dang,20
Dang,NA
Dang,NA
Dang,NA
Morang,35
Sunsari,19
Rupandehi,26
Bardiya,23
Udayapur,65
Makwanpur,48
India,20
Kavrepalanchok,29
Bhaktapur,22
Palpa,24
Palpa,28
Palpa,43
Myagdi,40
Dhading,37
Syangja,40
Kapilvastu,28
Sunsari,61
Dang,55
Sindhupalchok,43
Jhapa,45
Qatar,29
Kailali,45
Siraha,22
Udayapur,25
Parasi,26
Udayapur,18
Kathmandu,32
Dang,18
Parasi,23
Panchthar,40
Siraha,25
Siraha,20
Siraha,23
Siraha,19
Bhaktapur,31
Dang,38
Kapilvastu,23
Rupandehi,14
Kailali,18
Kailali,21
Kailali,19
Kailali,20
Siraha,22
Nuwakot,27
Nawalpur,29
Nawalpur,28
Kanchanpur,25
Siraha,NA
Rupandehi,20
Kailali,20
Kailali,20
Kailali,18
Parasi,20
Taplejung,64
Saptari,25
Jhapa,22
Kanchanpur,22
Kailali,19
Kailali,20
Dang,19
Dang,20
Dang,NA
Kapilvastu,19
Bhaktapur,35
Sarlahi,36
Saptari,23
Baitadi,21
Kavrepalanchok,21
Parbat,32
Lalitpur,23
Bara,53
Sindhupalchok,40
Kailali,24
Rukum East,23
Rukum East,29
Sindhuli,NA
Salyan,39
Kathmandu,NA
Kailali,29
Banke,21
Banke,22
Kapilvastu,34
Jhapa,30
Rukum West,16
Bardiya,28
Bardiya,
Bardiya,
Bardiya,
Gulmi,27
Okhaldhunga,NA
Dang,18
Kapilvastu,25
Kapilvastu,30
Kanchanpur,66
Gulmi,55
Sindhupalchok,60
Udayapur,24
Bardiya,70
Dang,21
Achham,22
Achham,NA
Achham,NA
Dhanusha,30
Palpa,75
Dhading,25
Lalitpur,27
Rautahat,22
Jhapa,23
Baitadi,32
Baitadi,45
Kaski,24
Kaski,22
Kaski,19
Kaski,18
Jhapa,35
Siraha,NA
Parsa,NA
Siraha,26
Okhaldhunga,23
Gulmi,35
Jhapa,NA
Panchthar,24
Siraha,18
Dang,44
Bardiya,20
Parbat,12
Parbat,14
Lalitpur,26
Siraha,26
Jhapa,74
Kailali,NA
Bhaktapur,NA
Okhaldhunga,13
Okhaldhunga,NA
Rupandehi,50
Morang,63
Bhojpur,20
Salyan,36
Taplejung,20
Jumla,19
Dadeldhura,NA
Rukum East,24
Kailali,23
Rolpa,36
Dhanusha,30
Kanchanpur,20
Rukum East,38
Bardiya,23
Banke,35
Gorkha,NA
Kaski,41
Kailali,22
Parasi,30
Parasi,34
Parasi,16
Udayapur,25
Taplejung,65
Okhaldhunga,19
Kailali,28
Dolpa,31
Dolpa,31
Okhaldhunga,26
Rupandehi,25
Udayapur,25
Jhapa,33
Saptari,28
Dhanusha,NA
Dhanusha,NA
Dhanusha,NA
Dhanusha,NA
Dhanusha,NA
Kathmandu,40
Kailali,21
Salyan,45
Rautahat,45
Chitwan,28
Nuwakot,NA
Salyan,27
Dhading,30
Kirtipur,19
Lalitpur,26
Tanahu,NA
Sunsari,33
Udayapur,19
Dang,38
Rautahat,20
Saptari,45
Udayapur,22
Makwanpur,16
Nuwakot,22
Arghakhanchi,26
Chitwan,32
Morang,19
Bardiya,21
Morang,24
Saptari,45
Dang,23
Rupandehi,20
Sindhuli,16
Sindhuli,14
Panchthar,50
Kanchanpur,19
Dhanusha,19
Dhanusha,NA
Dhanusha,NA
Dhanusha,NA
Sunsari,46
Saptari,19
Ramechhap,45
Rukum West,18
Dang,18
Kanchanpur,24
Kalikot,58
Dhading,16
Jhapa,22
Jhapa,24
Kanchanpur,25
Bhaktapur,43
Mustang,27
Udayapur,54
Kailali,18
Kailali,NA
Kailali,NA
Kailali,20
Morang,21
Myagdi,34
Makwanpur,24
Syangja,55
Kailali,28
Kapilvastu,22
Dhanusha,NA
Sunsari,36
Kathmandu,40
Jhapa,58
Kaski,55
Mugu,28
Mugu,23
Kanchanpur,30
Kailali,40
Sindhupalchok,41
Siraha,21
Lamjung,43
Kaski,38
Kaski,78
Saptari,18
Baitadi,NA
Baitadi,NA
Baitadi,NA
Kailali,20
Kailali,20
Kailali,24
Kailali,21
Surkhet,17
Surkhet,15
Kaski,37
Saptari,14
Morang,45
Panchthar,NA
Siraha,45
Dhanusha,56
Doti,31
Dolakha,46
Saptari,21
Saptari,20
Kavrepalanchok,21
Ramechhap,70
Saptari,15
Lalitpur,40
Rautahat,20
Sunsari,21
Dang,62
Okhaldhunga,28
Kanchanpur,30
Jhapa,26
Udayapur,43
Kailali,35
Dang,28
Saptari,18
Saptari,20
Taplejung,20
Kavrepalanchok,22
Kavrepalanchok,28
Kavrepalanchok,23
Kailali,NA
Sunsari,38
Bhojpur,45
Salyan,21
Kapilvastu,28
Okhaldhunga,16
Okhaldhunga,52
Bhojpur,45
Udayapur,59
Udayapur,35
Sunsari,NA
Saptari,22
Baitadi,28
Chitwan,41
Udayapur,19
Parbat,13
Rautahat,35
Tanahu,32
Makwanpur,41
Saptari,22
Dhading,35
Bardiya,NA
Sunsari,52
Doti,36
Bhaktapur,24
Siraha,46
Sindhupalchok,NA
Rautahat,NA
Siraha,23
Siraha,NA
Kanchanpur,55
Saptari,35
Kathmandu,22
Kathmandu,21
Siraha,NA
Siraha,21
Morang,21
Sunsari,30
Jhapa,40
Kapilvastu,17
Bardiya,27
Taplejung,31
Siraha,26
Dhanusha,20
Lalitpur,30
Dhanusha,24
Kanchanpur,20
Sunsari,42
Kailali,NA
Kathmandu,43
Parasi,26
Bardiya,39
Sunsari,31
Parsa,23
Palpa,19
Dhanusha,21
Dhanusha,20
Nawalpur,40
Kathmandu,21
Kapilvastu,19
Siraha,20
Kathmandu,21
Bhojpur,53
Kapilvastu,18
Udayapur,32
Okhaldhunga,51
Dang,18
Dang,18
Sunsari,25
Siraha,20
Kathmandu,40
Dang,21
Rautahat,45
Salyan,70
Parasi,17
Dhanusha,38
Tanahu,72
Tanahu,16
Salyan,25
Arghakhanchi,55
Parasi,30
Kathmandu,19
Sindhupalchok,20
Sunsari,24
Siraha,50
Dhanusha,32
Terhathum,21
Kailali,NA
Kailali,32
Udayapur,39
Bardiya,21
Dhading,24
Sunsari,31
Bara,45
Saptari,NA
Udayapur,32
Udayapur,25
Sunsari,32
Dhading,18
Ilam,20
Dhanusha,51
Sunsari,22
Sunsari,22
Sunsari,23
Makwanpur,60
Udayapur,21
Taplejung,18
Taplejung,25
Saptari,22
Saptari,27
Saptari,24
Doti,24
India,45
Morang,21
Morang,50
Morang,40
Dang,19
Sindhupalchok,26
Okhaldhunga,22
Sunsari,22
Sunsari,NA
Saptari,45
Lalitpur,16
Makwanpur,40
Jhapa,40
Rautahat,NA
Kathmandu,21
Gorkha,19
Makwanpur,25
Kathmandu,52
Udayapur,46
Syangja,27
Dang,21
Saptari,NA
Syangja,21
Saptari,22
Kailali,28
Sarlahi,NA
Kathmandu,23
Morang,24
Makwanpur,20
Makwanpur,16
Dhanusha,21
Dhanusha,NA
Dhanusha,NA
Dolakha,38
Sunsari,19
Parsa,26
Banke,15
Kailali,22
Rautahat,32
Dhanusha,20
Dhanusha,NA
Siraha,35
Dolakha,24
Bardiya,44
Kaski,39
Bhaktapur,20
Morang,25
Parasi,16
Parasi,17
Ramechhap,21
Terhathum,25
Okhaldhunga,34
Kathmandu,50
Nuwakot,36
Udayapur,63
Gulmi,45
Gulmi,26
Gulmi,18
Sindhuli,NA
Jhapa,NA
Tanahu,50
Palpa,45
Lalitpur,21
Jhapa,35
Kanchanpur,55
Nuwakot,70
Siraha,28
Myagdi,17
Banke,31
Banke,26
Lalitpur,33
Udayapur,32
Ilam,40
Kathmandu,46
Bardiya,20
Bardiya,18
Lalitpur,65
Makwanpur,62
Bhojpur,28
Syangja,19
Bardiya,25
Sunsari,40
Kaski,57
Sunsari,55
Rupandehi,37
Baitadi,23
Lalitpur,32
Rupandehi,28
Kailali,30
Kathmandu,50
Kanchanpur,21
Rupandehi,33
Bardiya,31
Ilam,25
Saptari,25
Parsa,34
Dang,19
Jhapa,29
Siraha,22
Saptari,26
Bhaktapur,31
Kailali,21
Kailali,20
Kailali,NA
Kailali,NA
Kailali,NA
Saptari,38
Dolpa,53
Saptari,22
Baitadi,NA
Salyan,43
Sunsari,33
Makwanpur,45
Banke,21
Morang,29
Gorkha,25
India,55
Tanahu,38
Siraha,37
Udayapur,22
Gulmi,29
Parasi,19
Dailekh,19
Kapilvastu,32
Kathmandu,21
Bara,39
Syangja,52
Baitadi,16
Khotang,19
Darchula,23
Rupandehi,35
Parsa,23
Kailali,40
Rupandehi,38
Palpa,65
Bara,40
Makwanpur,32
Morang,45
India,20
Saptari,21
Saptari,15
Morang,45
Dailekh,19
Gorkha,26
Siraha,32
Lamjung,19
Dang,12
Dang,13
Saptari,28
Nawalpur,38
Kailali,19
Saptari,21
Siraha,29
Salyan,22
Siraha,29
Saptari,22
Bhojpur,54
Syangja,94
Rupandehi,18
Mahottari,38
Kailali,49
Ramechhap,76
Kapilvastu,18
Dhanusha,65
Siraha,53
Dang,55
Parsa,19
Bhaktapur,20
Kapilvastu,30
Kathmandu,NA
Kanchanpur,32
Salyan,22
Sindhupalchok,40
Solukhumbu,38
Lalitpur,59
Dadeldhura,28
Dadeldhura,NA
Dadeldhura,NA
Dadeldhura,NA
Bajhang,NA
Salyan,NA
Bara,30
Morang,60
Sunsari,20
Tanahu,23
Rukum East,23
Rukum East,14
Parsa,22
Nuwakot,13
Nuwakot,14
Nuwakot,15
Nuwakot,15
Achham,40
Achham,22
Banke,55
Banke,22
Dang,42
Dailekh,30
Kailali,31
Sunsari,60
Kailali,60
Rupandehi,23
Rupandehi,22
Udayapur,22
Saptari,28
Dang,34
Jhapa,24
Jhapa,23
Morang,24
Dhankuta,32
Rupandehi,38
Sunsari,44
Morang,NA
Nawalpur,24
Nawalpur,26
Nawalpur,30
Baglung,80
Bhaktapur,24
Bhaktapur,19
Bhaktapur,31
Bhaktapur,52
Bhaktapur,47
Okhaldhunga,24
Humla,27
Saptari,NA
Nawalpur,15
Syangja,29
Syangja,42
Syangja,19
Syangja,18
Gulmi,22
Baglung,31
Bajhang,21
Kathmandu,26
Parasi,21
Jhapa,NA
Bhaktapur,30
Kapilvastu,40
Morang,25
America,NA
Dang,NA
Kanchanpur,40
Banke,32
Kailali,19
Makwanpur,28
Lalitpur,26
Lalitpur,19
Bara,45
Dolakha,NA
Saptari,22
Kavrepalanchok,40
Syangja,21
Jhapa,47
Parsa,21
Morang,50
Kapilvastu,28
Jhapa,19
Nuwakot,47
Dhanusha,45
Dhading,50
Bhaktapur,50
Kavrepalanchok,62
Sindhupalchok,46
Parasi,21
Gorkha,21
Dang,34
Ramechhap,19
Dhanusha,32
Kaski,23
Sindhupalchok,19
Achham,40
Humla,24
Humla,25
Syangja,16
Parasi,25
Parasi,28
Gorkha,26
Okhaldhunga,71
Ramechhap,56
Bhojpur,50
Sindhupalchok,34
Bhaktapur,37
Sarlahi,30
Bardiya,24
Parsa,36
Bardiya,55
Sunsari,54
Bardiya,24
Nuwakot,25
Udayapur,20
Kailali,46
Morang,55
Kathmandu,63
Bardiya,16
Kapilvastu,40
Sindhupalchok,50
Chitwan,35
Dailekh,28
Jumla,70
Bhaktapur,19
Kapilvastu,15
Rolpa,17
Kathmandu,29
Siraha,20
Lalitpur,58
Kavrepalanchok,25
Palpa,44
Palpa,43
Parsa,22
Dang,40
Bhaktapur,52
Ilam,30
Kapilvastu,26
China,21
Bardiya,79
Bhojpur,17
Mahottari,NA
Kalikot,28
Kalikot,24
Kalikot,26
Gulmi,19
Syangja,60
Rupandehi,53
Palpa,31
Kailali,NA
Sunsari,35
Udayapur,35
Sunsari,52
Sunsari,67
Bhaktapur,50
Gorkha,38
Bardiya,59
Kathmandu,20
Sunsari,67
Lamjung,25
Siraha,29
Morang,24
Rolpa,36
Rolpa,36
Baitadi,19
Baitadi,19
Parsa,22
Surkhet,35
Surkhet,24
Surkhet,29
Bhaktapur,NA
Bhaktapur,NA
Kanchanpur,24
Rupandehi,23
Tanahu,63
Dailekh,21
Sunsari,30
Lalitpur,61
Kailali,25
Kailali,25
Kailali,36
Kailali,25
Taplejung,22
Humla,10
Morang,40
Makwanpur,40
Makwanpur,54
Makwanpur,40
Makwanpur,33
Makwanpur,44
Kanchanpur,23
Kanchanpur,23
Palpa,35
Dang,28
Ramechhap,23
Dang,15
Kanchanpur,53
Nuwakot,60
Dhanusha,50
India,20
Kaski,23
Kavrepalanchok,23
Manang,43
Dang,NA
Dang,NA
Dang,NA
Siraha,27
parsa,25
India,NA
Dhankuta,25
Tanahu,53
Parsa,20
Parsa,20
Siraha,NA
Jhapa,45
Jhapa,48
Kanchanpur,40
Khotang,31
Kathmandu,35
Bhaktapur,32
Rolpa,23
Dang,19
Banke,42
Palpa,19
Bardiya,NA
Bardiya,19
Saptari,35
Salyan,NA
Nuwakot,29
Nuwakot,20
Bara,22
Morang,21
Rautahat,50
Syangja,40
Jhapa,30
Chitwan,27
Udayapur,26
Siraha,40
Makwanpur,24
Parsa,NA
Parsa,25
Parsa,27
Kathmandu,40
Lalitpur,66
Lalitpur,40
Kailali,NA
Kailali,NA
Rautahat,40
Dang,52
Khotang,42
Sindhuli,31
Parsa,48
Sunsari,38
Gulmi,22
Dadeldhura,23
Doti,23
Rupandehi,55
Kailali,23
Bhaktapur,54
Taplejung,35
Parasi,51
Dhanusha,77
Gorkha,18
Tanahu,24
Tanahu,NA
Tanahu,NA
Tanahu,NA
Tanahu,NA
Siraha,29
Salyan,17
Kaski,32
Udayapur,30
Palpa,17
Kailali,29
Dang,54
Dhankuta,77
Mustang,55
Mustang,16
Arghakhanchi,48
Dang,28
Solukhumbu,50
Solukhumbu,48
Siraha,26
Morang,28
Kailali,29
Dang,35
Sarlahi,18
Palpa,17
Morang,27
Parbat,44
Parbat,36
Siraha,23
Gorkha,72
Lalitpur,40
Dhankuta,57
Myagdi,20
Bardiya,19
Dang,35
Syangja,36
Rupandehi,NA
Sunsari,22
Gulmi,36
Syangja,36
Rolpa,40
Tanahu,62
Rupandehi,40
Sankhuwasabha,65
Kailali,23
Siraha,30
Kapilvastu,65
Bara,25
Parasi,37
Rupandehi,33
Humla,19
Humla,20
Kailali,23
Achham,24
Achham,25
Bajhang,19
Jumla,20
Jumla,20
Jumla,28
Rupandehi,30
Mustang,26
Kapilvastu,35
Kailali,26
Bardiya,29
Bardiya,14
Dang,20
Dang,18
Myagdi,15
Bara,21
Kanchanpur,16
Mahottari,20
Udayapur,40
Parbat,20
Okhaldhunga,29
Lamjung,NA
Rupandehi,58
Rautahat,25
Rautahat,NA
Rautahat,NA
Udayapur,32
Dailekh,10
Humla,18
Nawalpur,19
Kailali,29
Dhanusha,24
Myagdi,17
Sunsari,52
Dang,44
Bhaktapur,47
Bhojpur,52
India,40
Lalitpur,37
Surkhet,NA
Surkhet,NA
Surkhet,NA
Surkhet,NA
Surkhet,NA
Surkhet,NA
Surkhet,NA
Surkhet,NA
Surkhet,NA
Dang,27
Dang,20
Dang,27
Ramechhap,28
Surkhet,NA
Bajura,27
Dhankuta,27
Makwanpur,34
Kaski,57
Parbat,17
India,45
Dang,22
Dang,NA
Kavrepalanchok,32
Kavrepalanchok,18
Parasi,32
Sunsari,33
Banke,60
Ramechhap,18
Dadeldhura,27
Sankhuwasabha,40
Bhojpur,81
Siraha,22
Sindhupalchok,61
Dhanusha,30
Salyan,27
Parsa,25
Dang,25
Doti,17
Kailali,35
Kailali,19
Lalitpur,68
Parasi,33
Rupandehi,23
Kathmandu,39
Kathmandu,38
Bajhang,20
Lamjung,24
Dang,36
Udayapur,30
Sarlahi,28
Sarlahi,31
Sunsari,20
Sunsari,NA
Sunsari,NA
Sunsari,NA
Sunsari,NA
Sunsari,NA
Sunsari,NA
Kailali,22
Salyan,27
Rupandehi,46
Saptari,45
Bhaktapur,33
Lamjung,29
Sindhupalchok,43
Palpa,20
Lalitpur,39
Kaski,NA
Udayapur,43
Sindhuli,22
Sindhuli,24
Sindhuli,22
Tanahu,17
Bhojpur,31
Sarlahi,35
Nawalpur,27
Tanahu,32
Nuwakot,36
Dhanusha,45
Tanahu,43
Tanahu,35
Dang,25
Dang,22
Dang,29
Sindhupalchok,30
Solukhumbu,22
Rupandehi,18
Parsa,20
Parsa,25
Saptari,51
Sarlahi,NA
Sarlahi,NA
Morang,45
Dang,26
Udayapur,25
DolaKha,43
Rukum West,26
Kalikot,27
India,22
Nawalpur,22
Nawalpur,18
Nawalpur,23
India,NA
Nawalpur,17
Nawalpur,NA
Nawalpur,NA
Kathmandu,31
Kanchanpur,50
Sunsari,52
Rukum West,42
Nuwakot,28
Jhapa,55
Udayapur,68
Ramechhap,41
Siraha,48
Palpa,25
Terhathum,54
Kathmandu,NA
Dhankuta,37
Siraha,16
Dhanusha,27
Terhathum,22
Kathmandu,20
Myagdi,24
Myagdi,22
Myagdi,18
Dailekh,40
Dhanusha,20
Rukum East,24
Gulmi,46
Siraha,24
Parsa,19
Udayapur,23
Rupandehi,32
Chitwan,24
Siraha,18
Myagdi,78
Nawalpur,25
Nawalpur,21
Kapilvastu,21
Gulmi,46
Gulmi,19
Dailekh,NA
Mahottari,42
Mahottari,24
Terhathum,25
Dhanusha,75
Bhaktapur,31
Terhathum,25
Rupandehi,43
Parasi,25
Parbat,28
Terhathum,38
Myagdi,28
Morang,24
Bhojpur,25
Ramechhap,72
Ramechhap,18
Bara,32
Solukhumbu,39
Dailekh,36
Parsa,21
Dang,19
Parsa,21
Parsa,20
Humla,28
Terhathum,21
Jhapa,27
Rupandehi,38
Jhapa,NA
Morang,34
Ramechhap,50
Saptari,38
"Sitamadhi, India",45
Dhanusha,50
Jhapa,40
Sindhupalchok,21
Bardiya,23
Bara,20
Sindhupalchok,16
Khotang,32
Morang,22
Saptari,16
Rupandehi,20
Rupandehi,26
Bardiya,21
Parsa,20
Dailekh,23
Jajarkot,18
Rautahat,30
Nuwakot,22
Sarlahi,38
Kailali,14
Kaski,31
Bardiya,41
Mahottari,20
Sankhuwasabha,35
Terhathum,16
Khotang,NA
Surkhet,31
Surkhet,NA
Udayapur,26
Bara,NA
Lamjung,45
Tanahu,32
Dhanusha,38
Rupandehi,59
Rolpa,20
Tanahu,28
Kirtipur,21
Rupandehi,NA
Dhanusha,20
Lalitpur,23
Kathmandu,NA
Saptari,21
Darchula,33
Khotang,26
Bara,40
Arghakhanchi,35
Palpa,31
Myagdi,62
Baitadi,22
Saptari,30
Bardiya,44
Rupandehi,34
Gulmi,NA
Darchula,45
Kapilvastu,NA
Kapilvastu,NA
Kapilvastu,NA
Kapilvastu,NA
Kapilvastu,NA
Jumla,20
Jumla,20
Sindhupalchok,23
Lalitpur,14
Sankhuwasabha,39
Mugu,34
Kailali,26
Baglung,32
Dolakha,19
Ramechhap,NA
Lamjung,45
Jajarkot,48
India,25
Kapilvastu,NA
Darchula,33
Dailekh,20
Pyuthan,25
Rupandehi,25
Lamjung,NA
Jumla,55
Jhapa,28
Chitwan,45
Surkhet,20
Palpa,39
Terhathum,32
Palpa,NA
Bardiya,74
Bara,NA
Lalitpur,23
Makwanpur,37
Baglung,24
Jhapa,38
Ilam,NA
Ilam,NA
Kavrepalanchok,28
Mustang,29
Kathmandu,24
Sindhupalchok,22
Sarlahi,34
Bara,25
Bara,NA
Bara,NA
Gulmi,NA
Mahottari,32
Nuwakot,20
Okhaldhunga,22
Okhaldhunga,31
Okhaldhunga,40
Rukum West,36
Rupandehi,41
Rupandehi,60
Myagdi,29
Kailali,22
Dhankuta,76
Dang,24
Dang,23
Bajhang,14
Bajhang,15
Bajhang,16
Makwanpur,26
Palpa,31
Tanahu,17
Bajhang,NA
Bara,19
Taplejung,26
Solukhumbu,26
Udayapur,20
Udayapur,22
Doti,24
Saptari,30
Sindhupalchok,16
Jajarkot,26
Khotang,61
Morang,36
Gulmi,35
Ramechhap,62
Parsa,50
Bhaktapur,25
Saptari,30
Dhading,40
Kaski,NA
Mustang,32
Banke,20
Sindhupalchok,81
Sindhupalchok,80
Palpa,43
Makwanpur,NA
Khotang,16
Kathmandu,26
Kathmandu,18
Kathmandu,NA
Rautahat,55
Kanchanpur,25
Morang,35
Sunsari,19
Salyan,23
Salyan,21
Kailali,41
Bhojpur,32
Dhankuta,31
Rupandehi,NA
Dolakha,32
Bhojpur,44
Bardiya,26
Nuwakot,19
Baitadi,NA
Gulmi,59
Sindhupalchok,56
Palpa,13
Bardiya,26
Kaski,24
Banke,43
Kapilvastu,22
Rupandehi,49
Makwanpur,NA
Rupandehi,19
Siraha,38
Parsa,NA
Dang,14
Dang,50
Morang,50
Kanchanpur,24
Jhapa,30
Jhapa,28
Kanchanpur,55
Terhathum,21
Dang,38
Palpa,62
Kapilvastu,58
Siraha,23
Rupandehi,48
Sunsari,34
Banke,NA
Nawalpur,27
Humla,22
Dang,29
Ilam,58
Morang,25
Siraha,35
Dhanusha,22
Gulmi,18
Gulmi,19
Palpa,25
Rupandehi,14
Dhanusha,55
Dhanusha,35
Rolpa,34
Rupandehi,32
Rupandehi,19
Rupandehi,37
Gulmi,27
Sankhuwasabha,21
Siraha,25
Dang,34
Bhaktapur,50
Myagdi,66
Chitwan,31
Salyan,15
Nawalpur,35
Kapilvastu,31
Kapilvastu,23
Jumla,NA
Humla,25
Kapilvastu,19
Kapilvastu,21
Kapilvastu,24
Nuwakot,25
Nuwakot,18
Nuwakot,18
Kailali,62
Mahottari,35
Myagdi,48
Lalitpur,34
Ramechhap,NA
Okhaldhunga,51
Kalikot,18
Lamjung,30
Bara,19
Panchthar,NA
Siraha,38
Kathmandu,NA
Sarlahi,35
India,31
India,22
Kailali,18
Salyan,19
Salyan,21
Baitadi,27
Taplejung,63
Baitadi,NA
Rupandehi,69
Dang,21
Salyan,19
Salyan,20
Jhapa,40
Kaski,NA
Kaski,NA
Kaski,NA
Kaski,NA
Kaski,NA
Kaski,NA
Kaski,NA
Kaski,NA
Lamjung,28
Panchthar,31
Jhapa,26
Parsa,40
Morang,29
Morang,24
Morang,28
Taplejung,53
Kailali,52
Parsa,70
Ramechhap,39
Gorkha,NA
Siraha,30
Lalitpur,39
Rupandehi,16
Terhathum,29
Jhapa,20
Sarlahi,24
Dolakha,61
Banke,NA
Parsa,NA
Morang,21
Baitadi,NA
Rautahat,16
Rupandehi,20
Mahottari,23
Mahottari,32
Chitwan,27
Udayapur,20
Nuwakot,35
Dang,NA
Dailekh,26
Rupandehi,17
Dhanusha,60
Salyan,24
Kapilvastu,27
Parsa,23
Sindhupalchok,NA
Morang,38
Dhading,22
Salyan,20
Lalitpur,22
Bhaktapur,22
Kathmandu,28
Rupandehi,19
Tanahu,63
Dang,27
Kapilvastu,20
Dhading,20
Bardiya,19
India,20
Lalitpur,19
Lalitpur,19
Bhaktapur,36
Mahottari,19
Dang,25
Dang,18
Rupandehi,24
Okhaldhunga,40
Dolpa,26
Udayapur,61
Udayapur,35
Kailali,19
Kailali,24
Dolpa,26
Sunsari,30
Nuwakot,40
Gulmi,21
Kanchanpur,37
Kanchanpur,33
Kanchanpur,20
Rupandehi,19
Dhading,17
Terhathum,39
Kanchanpur,47
Bardiya,48
Bhaktapur,29
Terhathum,39
Morang,20
Morang,21
Bhojpur,62
Kanchanpur,27
Udayapur,61
Kailali,43
Palpa,21
Rupandehi,NA
Kavrepalanchok,25
Rupandehi,24
Siraha,23
Solukhumbu,28
Udayapur,26
Sindhupalchok,28
Bara,NA
Sunsari,30
Dang,37
Sankhuwasabha,21
Morang,22
India,37
Khotang,45
Syangja,24
"India, Baliya",21
Tanahu,24
Dhankuta,30
Rupandehi,19
Udayapur,23
Bhaktapur,39
Sindhuli,19
Dailekh,28
Panchthar,22
Rupandehi,47
Baitadi,52
Sunsari,19
Solukhumbu,25
Rupandehi,14
Nawalpur,36
Jhapa,39
Saptari,41
Morang,26
Morang,50
Rupandehi,23
Rupandehi,26
Dang,37
Baglung,21
Morang,26
Morang,50
Jumla,21
Sarlahi,36
Dang,63
Siraha,22
Rautahat,21
Banke,35
Baglung,22
Baglung,21
Siraha,24
Sunsari,35
Terhathum,67
Kanchanpur,51
Humla,19
Rupandehi,34
Gorkha,62
Sarlahi,36
Bhaktapur,19
Bhojpur,26
Saptari,40
Siraha,24
Rupandehi,36
Morang,58
Ramechhap,26
Rautahat,28
Dhankuta,23
Sankhuwasabha,19
Kailali,23
Kailali,22
Kailali,23
Kailali,23
Darchula,27
Tanahu,39
Palpa,15
Siraha,18
Bhojpur,79
Ramechhap,23
Kalikot,25
Parsa,59
sarlahi,36
Bhaktapur,24
Palpa,36
Kailali,16
Kailali,17
Terhathum,52
Sarlahi,32
Banke,13
Parasi,26
Darchula,36
Sindhupalchok,22
Nawalpur,20
Sankhuwasabha,20
Dhanusha,27
Pyuthan,24
Pyuthan,30
Rupandehi,24
Siraha,28
Dhading,21
Rupandehi,56
Rupandehi,18
Sarlahi,29
Solukhumbu,19
Sindhupalchok,53
Kathmandu,21
Kathmandu,21
Sindhupalchok,30
Dang,35
Mahottari,34
Saptari,18
Dhading,22
Dang,28
Jhapa,41
sarlahi,26
Hetauda,41
Nuwakot,28
Rupandehi,22
Rupandehi,17
Rupandehi,23
Dang,35
Jhapa,30
Nuwakot,19
Nuwakot,20
Nuwakot,17
Jhapa,29
Sunsari,22
Morang,12
Morang,19
Dolakha,35
Dang,21
Dolakha,60
Siraha,20
Udayapur,30
sarlahi,36
Dang,35
Dang,16
Kanchanpur,18
Dang,22
Lalitpur,42
Dang,42
Siraha,20
Sindhupalchok,49
Udayapur,18
Udayapur,18
Dailekh,38
Dhading,40
Rupandehi,13
Bhojpur,17
Dolakha,30
Rukum West,55
Dhanusha,30
Bardiya,24
Bardiya,24
Bardiya,24
Bardiya,24
Morang,20
Siraha,36
Dang,16
Dang,18
Dang,20
Dang,20
Gorkha,19
Nawalpur,29
Nuwakot,35
parsa,NA
Bhojpur,23
Parsa,NA
Udayapur,16
Mahottari,45
Baglung,21
Nawalpur,NA
Saptari,46
Kathmandu,NA
Sarlahi,NA
Sarlahi,29
Kathmandu,45
Kaski,NA
Udayapur,NA
Saptari,21
Parsa,42
Kapilvastu,35
Morang,40
Baglung,NA
Mustang,30
Parsa,21
Terhathum,35
Morang,NA
Dolakha,NA
Gorkha,NA
Udayapur,35
Rupandehi,50
Humla,27
Ilam,NA
Sankhuwasabha,NA
Lalitpur,NA
Baglung,17
Rupandehi,21
Jhapa,31
Gulmi,28
Sankhuwasabha,NA
Saptari,46
Bardiya,NA
Nawalpur,NA
Jhapa,59
Dang,26
Gorkha,NA
Dolakha,21
Surkhet,NA
Lalitpur,NA
Kathmandu,NA
Sindhuli,23
Kanchanpur,53
Pyuthan,NA
Khotang,33
Jajarkot,NA
Gorkha,48
