District,Ethnicity code
Kathmandu,CHT
Parbat,REG
Palpa,REG
Palpa,CHT
Nuwakot,BMN
Makwanpur,AVS
India,REG
Kirtipur,AVS
Makwanpur,AVS
Dang,CHT
Kathmandu,BMN
Lalitpur,AVS
Kathmandu,OTR
Dhankuta,CHT
Banke,MDS
Siraha,OTR
Jhapa,BMN
Jhapa,AVS
Jhapa,AVS
Rautahat,MDS
Mahottari,DLT
Sunsari,MDS
Gulmi,CHT
Rupandehi,MDS
Morang,BMN
Nuwakot,TBT
Jhapa,AVS
Khotang,AVS
Udayapur,BMN
Rupandehi,BMN
Lamjung,DLT
Solukhumbu,BMN
Gulmi,BMN
Morang,AVS
Kavrepalanchok,CHT
Kavrepalanchok,AVS
Kavrepalanchok,AVS
Kavrepalanchok,AVS
Kavrepalanchok,AVS
Kaski,OTR
Morang,DLT
Banke,AVS
Gulmi,DLT
Kavrepalanchok,AVS
India,OTR
Pyuthan,JNJT
Rautahat,CHT
Rautahat,AVS
Rautahat,AVS
Rautahat,AVS
Dolakha,CHT
Nuwakot,AVS
Kavrepalanchok,AVS
Sarlahi,AVS
Bara,AVS
Bhojpur,AVS
Kavrepalanchok,AVS
Khotang,BMN
Khotang,DLT
Myagdi,DLT
Morang,CHT
Morang,CHT
Sunsari,DLT
Terhathum,AVS
Sarlahi,MDS
Sarlahi,MDS
India,MDS
Rautahat,AVS
Dang,OTR
Syangja,AVS
Kanchanpur,BMN
Kanchanpur,AVS
Kanchanpur,BMN
Kanchanpur,AVS
Kanchanpur,AVS
Kanchanpur,AVS
Gorkha,AVS
Kathmandu,AVS
Dadeldhura,MDS
Jhapa,AVS
Dhanusa,MDS
Sunsari,AVS
Banke,DLT
Banke,JNJT
Kavrepalanchok,AVS
Kanchanpur,CHT
Dang,JNJT
Panchthar,DLT
Dolakha,CHT
Morang,DLT
Kailali,JNJT
Ilam,CHT
Rupandehi,DLT
Kaski,DLT
Chitwan,TBT
Terhathum,JNJT
Kathmandu,DLT
Tanahu,AVS
Sunsari,MDS
Sunsari,MDS
Sunsari,MDS
Tanahu,DLT
Khotang,BMN
Tanahu,DLT
Gulmi,AVS
Gulmi,BMN
Udayapur,DLT
Makwanpur,AVS
Ilam,BMN
Dang,AVS
Rautahat,MDS
Siraha,AVS
Siraha,AVS
Siraha,MSLM
Siraha,MDS
Siraha,MDS
Rukum,DLT
Sindhupalchok,TBT
Jhapa,BMN
Morang,DLT
Kapilvastu,BMN
Banke,MDS
Jhapa,BMN
Sindhupalchok,BMN
Baglung,AVS
Makwanpur,AVS
Jhapa,KBMN
Bardiya,DLT
Bardiya,DLT
Bardiya,BMN
Khotang,MDS
Morang,AVS
Khotang,AVS
Khotang,AVS
Tanahu,DLT
Bara,MSLM
Bara,MDS
Bara,MDS
Bara,MDS
Bara,MDS
Bara,OTR
Bara,OTR
Rupandehi,BMN
Rupandehi,BMN
Salyan,CHT
Sindhupalchok,DLT
Sindhupalchok,DLT
Kapilvastu,JNJT
Morang,AVS
Baglung,CHT
Jajarkot,JNJT
Sarlahi,MDS
Rautahat,OTR
Kapilvastu,MDS
Panchthar,AVS
Rautahat,AVS
Lalitpur,BMN
Udayapur,AVS
Dailekh,DLT
Jhapa,MSLM
Myagdi,AVS
Gorkha,DLT
Khotang,KAVS
Udayapur,MDS
Udayapur,AVS
Kapilvastu,BMN
Kavrepalanchok,DLT
Jhapa,OTR
Jhapa,BMN
Terhathum,AVS
Jhapa,MDS
Jhapa,OTR
Jhapa,KAVS
Tanahu,DLT
Tanahu,DLT
Tanahu,DLT
Tanahu,DLT
Tanahu,DLT
Panchthar,AVS
Kapilvastu,DLT
Arghakhanchi,KAVS
Siraha,MDS
Rautahat,MDS
Rautahat,MDS
Mahottari,MDS
Dhanusha,CHT
Rautahat,MDS
Taplejung,DLT
Kapilvastu,DLT
Kapilvastu,DLT
Sarlahi,DLT
Sarlahi,AVS
Dolakha,CHT
Tanahu,OTR
Morang,AVS
Rautahat,OTR
"West Bengal, India",OTR
Pyuthan,KAVS
Kaski,REG
Morang,AVS
Bhojpur,DLT
Makwanpur,BMN
Khotang,AVS
Panchthar,AVS
Panchthar,AVS
Kathmandu,AVS
Sindhupalchok,AVS
Parasi,JNJT
Parasi,BMN
Kanchanpur,JNJT
India,MDS
Myagdi,AVS
Siraha,AVS
Siraha,AVS
Siraha,AVS
Darchula,AVS
Ilam,AVS
Mahottari,CHT
Kavrepalanchok,AVS
Kaski,KAVS
Sindhupalchok,BMN
Kanchanpur,DLT
Makwanpur,BMN
Makwanpur,BMN
Makwanpur,BMN
Dailekh,DLT
Kavrepalanchok,AVS
Kachanpur,JNJT
Udayapur,CHT
Udayapur,AVS
Bara,MDS
Dang,DLT
Surkhet,JNJT
Surkhet,JNJT
Surkhet,DLT
Kapilvastu,MDS
"Motihari, India",MDS
Parsa,OTR
Sunsari,JNJT
Sunsari,BMN
Sunsari,BMN
Sunsari,BMN
Sunsari,CHT
Sunsari,AVS
Bardiya,REG
Gorkha,AVS
Surkhet,AVS
Surkhet,BMN
Surkhet,CHT
Parbat,DLT
Kanchanpur,OTR
Rautahat,DLT
Makwanpur,DLT
Makwanpur,BMN
Myagdi,BMN
Ilam,DLT
Bardiya,JNJT
Saptari,MDS
Taplejung,AVS
Udayapur,JNJT
Kanchanpur,AVS
Kapilvastu,DLT
Kalikot,DLT
Sunsari,AVS
Morang,BMN
Banke,MDS
Siraha,MDS
Morang,CHT
Lamjung,OTR
Jhapa,OTR
Panchthar,JNJT
Kapilvastu,CHT
Sindhupalchok,AVS
Kaski,DLT
Kaski,DLT
Rautahat,BMN
Dang,BMN
Dhanusha,MDS
Gorkha,AVS
Udayapur,DLT
Udayapur,DLT
Gorkha,AVS
Dhanusha,MDS
Morang,MDS
Siraha,MDS
Ramechhap,JNJT
Sunsari,AVS
Okhaldhunga,DLT
Bhaktapur,AVS
Bara,DLT
Kavrepalanchok,AVS
Morang,BMN
Syangja,DLT
Rautahat,MDS
Bardiya,BMN
Bardiya,DLT
Terhathum,BMN
Makwanpur,BMN
Tanahu,KAVS
Gorkha,AVS
Sindhupalchok,BMN
Palpa,BMN
Jumla,CHT
Dang,BMN
Kapilvastu,MSLM
Lalitpur,OTR
Banke,BMN
Siraha,AVS
Sunsari,MSLM
Bhojpur,TBT
Pyuthan,JNJT
Banke,JNJT
Kavrepalanchok,AVS
Dhanusha,AVS
Dhanusha,AVS
Mahottari,MDS
Mahottari,MDS
Nawalpur,JNJT
Parsa,MDS
Chitwan,MSLM
Saptari,MDS
Saptari,MDS
Palpa,BMN
Lamjung,DLT
Baglung,DLT
Pyuthan,CHT
Kavrepalanchok,AVS
Kaski,DLT
Bardiya,DLT
Udayapur,BMN
Jajarkot,CHT
Sindhupalchok,BMN
Salyan,CHT
Kaski,JNJT
Dhanusha,MDS
Kailali,AVS
Gulmi,BMN
Salyan,OTR
Makwanpur,CHT
Khotang,AVS
Rolpa,JNJT
Rautahat,REG
Udayapur,DLT
Makwanpur,BMN
Bhojpur,DLT
Kathmandu,MDS
Kavrepalanchok,AVS
Dhanusha,MDS
Dhanusha,MDS
Dhanusha,MSLM
Mahottari,MDS
Kaski,BMN
Jhapa,AVS
Saptari,MDS
Sunsari,AVS
Jhapa,AVS
Chitwan,DLT
Siraha,MDS
Siraha,MDS
Jhapa,MDS
Palpa,MDS
Kanchanpur,BMN
Nuwakot,CHT
Nuwakot,AVS
Nuwakot,CHT
Kanchanpur,DLT
Parsa,DLT
Saptari,MSLM
Sunsari,AVS
Dang,DLT
Bara,CHT
Kirtipur,CHT
Tanahu,DLT
Bajura,DLT
Rautahat,MDS
Khotang,CHT
Bajhang,CHT
Bajhang,AVS
Bajhang,CHT
Bajhang,DLT
Bajhang,DLT
Taplejung,AVS
Bara,REG
Kanchanpur,OTR
Saptari,MDS
Saptari,MDS
Kanchanpur,BMN
Saptari,MDS
Bardiya,JNJT
Chitwan,MDS
Lamjung,AVS
Kapilvastu,DLT
Parsa,MSLM
Sindhupalchok,AVS
Kathmandu,AVS
Ilam,AVS
Jhapa,AVS
Jhapa,AVS
Khotang,AVS
Dailekh,REG
Kavrepalanchok,BMN
Kavrepalanchok,BMN
Rautahat,MDS
Banke,JNJT
Banke,JNJT
Banke,JNJT
Khotang,AVS
Dang,DLT
Udayapur,AVS
Jajarkot,REG
Kanchanpur,BMN
Rautahat,MDS
Banke,AVS
Dang,DLT
Jhapa,AVS
Chitwan,DLT
Panchthar,AVS
Sindhupalchok,AVS
Sarlahi,JNJT
Sindhupalchok,AVS
Sunsari,MDS
Kapilvastu,OTR
Gorkha,CHT
Udayapur,CHT
Mahottari,KAVS
Kailali,REG
Bhojpur,BMN
Udayapur,DLT
Udayapur,DLT
Kailali,AVS
Rautahat,MDS
"Gorakhpur, India",MSLM
Rupandehi,MDS
Kavrepalanchok,BMN
Jhapa,AVS
Kaski,DLT
Bhojpur,TBT
Dang,JNJT
Bhaktapur,BMN
Kavrepalanchok,BMN
Jumla,MDS
Baglung,JNJT
Jajarkot,MDS
Jajarkot,CHT
Kanchanpur,BMN
Bardiya,AVS
Terhathum,MDS
Udayapur,CHT
Sunsari,MDS
Sunsari,MDS
Sunsari,MDS
Baitadi,MDS
Bhojpur,CHT
Bhojpur,OTR
India,DLT
Kapilvastu,OTR
Taplejung,DLT
Sunsari,DLT
Sunsari,AVS
Parasi,BMN
Rukum,DLT
Lamjung,DLT
Kailali,AVS
Kailali,BMN
Kailali,DLT
Kailali,BMN
Kailali,DLT
Kavrepalanchok,BMN
Solukhumbu,TBT
Rupandehi,MDS
Rupandehi,DLT
Rupandehi,CHT
Rupandehi,CHT
Baglung,DLT
Kailali,BMN
Taplejung,AVS
Mahottari,MDS
Tanahu,REG
Darchula,AVS
Parasi,OTR
Kapilvastu,DLT
Jhapa,AVS
Banke,JNJT
India,MDS
Morang,BMN
Kathmandu,BMN
Taplejung,DLT
Chitwan,MDS
Kaski,BMN
Lalitpur,AVS
Kathmandu,BMN
Banke,AVS
Gorkha,BMN
Surkhet,AVS
Parsa,JNJT
Bhojpur,AVS
Rupandehi,DLT
Ramechhap,DLT
Kathmandu,TBT
Rautahat,MSLM
Dhanusha,MDS
Dang,BMN
Baitadi,CHT
Siraha,AVS
Siraha,MDS
Siraha,MDS
Khotang,DLT
Surkhet,DLT
Makwanpur,BMN
Mugu,REG
Makwanpur,AVS
Parsa,MSLM
Siraha,MDS
Ilam,CHT
Kathmandu,DLT
Kathmandu,DLT
Makwanpur,AVS
Dhading,CHT
Australia,OTR
Tanahu,CHT
Kathmandu,DLT
Kavrepalanchok,DLT
Parasi,BMN
Kapilvastu,DLT
Udayapur,DLT
Siraha,AVS
Jhapa,DLT
Terhathum,AVS
Siraha,MDS
Siraha,MDS
Gulmi,DLT
Gulmi,CHT
Gulmi,CHT
Baitadi,BMN
"India, Gorakhpur",MSLM
Siraha,MDS
Saptari,MDS
Gorkha,MSLM
Ilam,CHT
Bhaktapur,AVS
Ramechhap,AVS
Myagdi,MDS
Myagdi,CHT
Udayapur,JNJT
Khotang,AVS
Udayapur,MDS
Kathmandu,BMN
Bhojpur,AVS
Saptari,MDS
Saptari,MSLM
Udayapur,AVS
Siraha,OTR
Chitwan,BMN
Chitwan,AVS
Tanahu,AVS
Siraha,AVS
Siraha,BMN
Terhathum,DLT
Bhojpur,AVS
Lalitpur,MDS
Kavrepalanchok,CHT
Banke,AVS
Kathmandu,JNJT
Okhaldhunga,AVS
India,MDS
Darchula,AVS
Banke,AVS
Bardiya,BMN
Bardiya,OTR
Parbat,CHT
Bhaktapur,CHT
Jhapa,AVS
Rukum West,CHT
Rupandehi,CHT
Bhaktapur,CHT
Dang,DLT
Udayapur,DLT
Rukum East,BMN
Ramechhap,CHT
Bara,AVS
Bara,CHT
Saptari,MDS
Nawalpur,AVS
Chitwan,DLT
Kavrepalanchok,DLT
Kavrepalanchok,AVS
Mugu,REG
Siraha,MDS
Siraha,AVS
Chitwan,DLT
Dang,CHT
Rupandehi,BMN
Siraha,MDS
Bhojpur,AVS
Bara,DLT
Bara,MDS
Rautahat,OTR
Parasi,MDS
Sunsari,AVS
Terhathum,BMN
Rupandehi,JNJT
Rupandehi,MDS
Siraha,DLT
Makwanpur,CHT
Parsa,MDS
Palpa,KAVS
Arghakhanchi,JNJT
Chitwan,OTR
Tanahu,OTR
Tanahu,AVS
Tanahu,BMN
Tanahu,DLT
Gulmi,MSLM
Chitwan,DLT
Rupandehi,JNJT
Dang,BMN
Nawalpur,AVS
Rupandehi,DLT
Khotang,DLT
Myagdi,JNJT
Arghakhanchi,CHT
Makwanpur,BMN
Rupandehi,CHT
Doti,AVS
Saptari,MDS
Jhapa,AVS
Rupandehi,CHT
Parasi,MDS
Dadeldhura,CHT
Dadeldhura,CHT
Udayapur,DLT
Siraha,MDS
Jhapa,DLT
Tanahu,BMN
Parasi,REG
Rautahat,BMN
Dang,BMN
Solukhumbu,AVS
Chitwan,BMN
Rupandehi,BMN
Terhathum,CHT
Arghakhanchi,JNJT
Dhading,BMN
Tanahu,JNJT
Sunsari,MSLM
Sunsari,MSLM
Kailali,JNJT
Bardiya,JNJT
Mustang,JNJT
Makwanpur,AVS
Lalitpur,BMN
Lalitpur,CHT
Lalitpur,AVS
Bara,AVS
Okhaldhunga,OTR
Makwanpur,BMN
Jhapa,BMN
Kanchanpur,AVS
Kaski,OTR
Sunsari,AVS
Chitwan,AVS
Morang,AVS
Parasi,AVS
Parasi,CHT
Siraha,BMN
Saptari,MDS
Saptari,MDS
Dhading,DLT
Sunsari,OTR
Rupandehi,JNJT
Palpa,OTR
Rupandehi,JNJT
Kathmandu,AVS
Jhapa,AVS
Morang,AVS
Rupandehi,BMN
Darchula,OTR
Okhaldhunga,AVS
Kailali,DLT
Rukum West,OTR
Dhanusa,MDS
Dhanusa,MDS
Kapilvastu,CHT
Bhojpur,DLT
Bhojpur,DLT
Makwanpur,AVS
Chitwan,AVS
Siraha,AVS
Kathmandu,AVS
Dhading,JNJT
Bardiya,AVS
Kathmandu,AVS
Palpa,OTR
Pyuthan,DLT
Achham,DLT
Arghakhanchi,DLT
Udayapur,CHT
Saptari,DLT
Rasuwa,DLT
Baitadi,CHT
Kanchanpur,AVS
Saptari,DLT
Bardiya,DLT
Mugu,DLT
Bardiya,DLT
Jhapa,AVS
Banke,DLT
Gorkha,JNJT
Rasuwa,AVS
Morang,OTR
Morang,BMN
Morang,AVS
Morang,JNJT
Nawalpur,AVS
Morang,DLT
Dailekh,DLT
Kathmandu,MDS
Sunsari,AVS
Bardiya,JNJT
Ramechhap,AVS
Siraha,MDS
Lalitpur,OTR
Nawalpur,OTR
Kanchanpur,AVS
Parasi,DLT
Bajhang,DLT
Jhapa,CHT
Siraha,MSLM
Udayapur,DLT
Jajarkot,REG
Jajarkot,DLT
Kanchanpur,DLT
Sankhuwasabha,MSLM
Nawalpur,MDS
Nawalpur,AVS
Lalitpur,CHT
Parbat,DLT
Dolakha,AVS
Kailali,MDS
India,MSLM
Lalitpur,DLT
Lalitpur,BMN
Udayapur,AVS
Bardiya,JNJT
Tanahu,DLT
Sunsari,AVS
Kavrepalanchok,AVS
Sankhuwasabha,TBT
Kathmandu,AVS
Dang,BMN
Nuwakot,BMN
Dailekh,REG
Taplejung,AVS
Khotang,AVS
Bhojpur,BMN
Kavrepalanchok,AVS
Surkhet,BMN
Surkhet,DLT
Parasi,CHT
Pyuthan,MDS
Kanchanpur,CHT
Makwanpur,AVS
Chitwan,DLT
Kailali,MDS
Baitadi,CHT
Baitadi,CHT
Udayapur,DLT
Surkhet,CHT
Baglung,DLT
Kathmandu,BMN
Jhapa,OTR
Parasi,AVS
Lalitpur,AVS
Kanchanpur,AVS
Kathmandu,AVS
Sindhupalchok,CHT
Rupandehi,JNJT
Gulmi,DLT
Makwanpur,CHT
Kailali,DLT
Parasi,OTR
Parasi,OTR
Parasi,MDS
Dolpa,REG
Makwanpur,AVS
Makwanpur,BMN
Kathmandu,AVS
Kathmandu,AVS
Dang,AVS
Saptari,OTR
Ilam,AVS
Saptari,AVS
Siraha,CHT
Kanchanpur,OTR
Bardiya,JNJT
Kanchanpur,DLT
Rautahat,REG
Syangja,AVS
Siraha,MDS
Siraha,MDS
Siraha,CHT
Bhaktapur,DLT
Sunsari,MDS
Kathmandu,AVS
Bhaktapur,AVS
Solukhumbu,AVS
Lalitpur,AVS
Kailali,AVS
Salyan,OTR
Dang,OTR
Dang,AVS
Myagdi,CHT
Nawalpur,JNJT
Kailali,MDS
Siraha,MDS
Saptari,AVS
Panchthar,AVS
Kanchanpur,CHT
Parasi,MDS
Bara,MDS
Morang,BMN
Dolakha,AVS
Parasi,MDS
Morang,CHT
Salyan,JNJT
Dailekh,CHT
Bardiya,JNJT
Dhankuta,AVS
Banke,JNJT
Dailekh,REG
Chitwan,BMN
Chitwan,JNJT
Chitwan,BMN
Rautahat,MDS
Ramechhap,BMN
Saptari,MDS
Bara,BMN
Makwanpur,AVS
Mugu,JNJT
Dhading,BMN
Gulmi,JNJT
Gulmi,KAVS
Baglung,JNJT
Parsa,MDS
Kailali,OTR
Jhapa,DLT
Jajarkot,CHT
Lalitpur,AVS
Kanchanpur,AVS
Nuwakot,BMN
Nuwakot,AVS
Dang,DLT
Sindhupalchok,DLT
Mahottari,MDS
India,MDS
Saptari,REG
Rupandehi,MDS
Rupandehi,MDS
Rupandehi,MDS
Rupandehi,JNJT
Gorkha,DLT
Kathmandu,BMN
Dhanusha,AVS
Saptari,MSLM
Rautahat,REG
Gulmi,JNJT
Dhanusha,DLT
Dhanusha,REG
Rupandehi,OTR
Myagdi,REG
Bhaktapur,AVS
Kailali,AVS
Bhaktapur,AVS
Bara,MDS
Kathmandu,REG
Kailali,MDS
Kailali,MDS
Kailali,MDS
Banke,CHT
Dang,DLT
Chitwan,MDS
Udayapur,BMN
Sindhuli,DLT
Dolakha,AVS
Dang,AVS
Dang,AVS
Siraha,DLT
Dang,DLT
Kapilvastu,MSLM
Rautahat,MDS
Rautahat,MDS
Myagdi,CHT
Gulmi,AVS
Bara,MSLM
Banke,REG
Banke,BMN
Sarlahi,AVS
Bajura,DLT
Terhathum,AVS
Mugu,DLT
Jhapa,DLT
Rupandehi,CHT
Syangja,CHT
Syangja,CHT
Kailali,DLT
Kailali,DLT
Kailali,AVS
Kailali,CHT
Rupandehi,JNJT
Saptari,MDS
Rautahat,MSLM
Bardiya,JNJT
Kanchanpur,CHT
Nuwakot,BMN
Dhanusha,MDS
Morang,AVS
Udayapur,DLT
Sunsari,AVS
Dang,AVS
Saptari,MDS
Rautahat,AVS
Jhapa,AVS
Siraha,MDS
Palpa,KAVS
Rupandehi,MDS
Morang,AVS
Bhojpur,DLT
Darchula,DLT
Siraha,BMN
Dhanusha,MDS
Nuwakot,BMN
Bhaktapur,REG
Morang,AVS
Nawalpur,CHT
Rupandehi,AVS
Dang,DLT
Parsa,REG
Dhankuta,OTR
Dhankuta,AVS
Dhankuta,JNJT
Dhankuta,BMN
Kapilvastu,MDS
Morang,MDS
Sunsari,AVS
Dang,CHT
Dang,DLT
Morang,MDS
Sunsari,OTR
Rupandehi,REG
Bardiya,JNJT
Udayapur,AVS
Makwanpur,AVS
India,MDS
Kavrepalanchok,AVS
Bhaktapur,BMN
Palpa,DLT
Myagdi,MDS
Kapilvastu,DLT
Dang,AVS
Jhapa,BMN
Qatar,MSLM
Siraha,MDS
Udayapur,DLT
Parasi,MDS
Udayapur,DLT
Dang,JNJT
Parasi,MDS
Panchthar,BMN
Siraha,MDS
Siraha,MDS
Siraha,MDS
Siraha,MDS
Bhaktapur,AVS
Kapilvastu,MDS
Kailali,DLT
Kailali,JNJT
Kailali,DLT
Kailali,DLT
Nuwakot,AVS
Rupandehi,DLT
Kailali,DLT
Kailali,DLT
Kailali,DLT
Parasi,MSLM
Taplejung,AVS
Saptari,AVS
Jhapa,AVS
Kailali,CHT
Kailali,CHT
Kapilvastu,BMN
Bhaktapur,CHT
Sarlahi,AVS
Saptari,MDS
Baitadi,BMN
Kavrepalanchok,DLT
Parbat,DLT
Lalitpur,AVS
Bara,CHT
Kailali,JNJT
Rukum East,BMN
Sindhuli,DLT
Kathmandu,BMN
Kailali,AVS
Banke,KAVS
Kapilvastu,JNJT
Jhapa,AVS
Bardiya,MDS
Gulmi,DLT
Okhaldhunga,DLT
Kapilvastu,MSLM
Kapilvastu,MDS
Kanchanpur,BMN
Gulmi,BMN
Sindhupalchok,AVS
Udayapur,AVS
Bardiya,DLT
Dang,DLT
Achham,DLT
Dhanusha,MDS
Palpa,DLT
Dhading,AVS
Lalitpur,OTR
Rautahat,MSLM
Jhapa,AVS
Kaski,AVS
Kaski,AVS
Kaski,AVS
Kaski,AVS
Siraha,CHT
Siraha,MDS
Gulmi,JNJT
Panchthar,AVS
Siraha,AVS
Dang,MDS
Bardiya,OTR
Lalitpur,AVS
Siraha,REG
Jhapa,AVS
Bhaktapur,BMN
Rupandehi,BMN
Morang,AVS
Bhojpur,AVS
Salyan,CHT
Taplejung,AVS
Jumla,REG
Rukum East,DLT
Kailali,CHT
Rolpa,JNJT
Dhanusha,DLT
Kanchanpur,MDS
Bardiya,JNJT
Banke,JNJT
Gorkha,MDS
Kailali,AVS
Parasi,AVS
Parasi,DLT
Udayapur,CHT
Taplejung,AVS
Okhaldhunga,BMN
Kailali,AVS
Dolpa,MDS
Dolpa,MDS
Okhaldhunga,AVS
Rupandehi,MDS
Udayapur,CHT
Jhapa,AVS
Saptari,MDS
Kathmandu,KAVS
Kailali,AVS
Salyan,BMN
Rautahat,MSLM
Chitwan,DLT
Nuwakot,AVS
Salyan,DLT
Dhading,DLT
Kirtipur,AVS
Lalitpur,AVS
Tanahu,JNJT
Sunsari,AVS
Udayapur,BMN
Rautahat,MDS
Saptari,MDS
Udayapur,JNJT
Nuwakot,AVS
Arghakhanchi,CHT
Chitwan,AVS
Morang,AVS
Bardiya,DLT
Morang,CHT
Saptari,MDS
Dang,JNJT
Rupandehi,MDS
Panchthar,AVS
Kanchanpur,BMN
Dhanusha,MDS
Sunsari,MSLM
Saptari,MDS
Ramechhap,CHT
Rukum West,BMN
Dang,BMN
Kanchanpur,JNJT
Kalikot,REG
Jhapa,DLT
Jhapa,MSLM
Kanchanpur,JNJT
Bhaktapur,AVS
Mustang,DLT
Kailali,CHT
Kailali,DLT
Kailali,DLT
Kailali,DLT
Morang,AVS
Myagdi,JNJT
Makwanpur,AVS
Syangja,AVS
Kailali,AVS
Kapilvastu,CHT
Sunsari,AVS
Jhapa,AVS
Kaski,AVS
Mugu,REG
Mugu,REG
Kailali,DLT
Siraha,AVS
Lamjung,AVS
Kaski,CHT
Kaski,BMN
Baitadi,CHT
Baitadi,CHT
Baitadi,CHT
Kailali,REG
Kailali,OTR
Kailali,CHT
Kailali,AVS
Kaski,BMN
Morang,BMN
Panchthar,AVS
Siraha,MDS
Dhanusha,REG
Dolakha,AVS
Saptari,MDS
Saptari,MDS
Kavrepalanchok,AVS
Ramechhap,AVS
Rautahat,DLT
Sunsari,AVS
Dang,AVS
Okhaldhunga,AVS
Kanchanpur,AVS
Jhapa,BMN
Udayapur,DLT
Kailali,CHT
Saptari,MDS
Saptari,MDS
Taplejung,AVS
Kavrepalanchok,JNJT
Kavrepalanchok,CHT
Kavrepalanchok,MDS
Sunsari,AVS
Salyan,DLT
Kapilvastu,DLT
Okhaldhunga,JNJT
Bhojpur,AVS
Udayapur,BMN
Udayapur,AVS
Sunsari,BMN
Saptari,MDS
Chitwan,AVS
Sunsari,MDS
Doti,DLT
Bhaktapur,AVS
Kathmandu,CHT
Kathmandu,AVS
Siraha,REG
Morang,REG
Bardiya,DLT
Taplejung,AVS
Siraha,MDS
Dhanusha,MDS
Lalitpur,AVS
Dhanusha,MDS
Kanchanpur,JNJT
Sunsari,MDS
Kathmandu,BMN
Parasi,MSLM
Bardiya,CHT
Sunsari,AVS
Parsa,MDS
Palpa,BMN
Dhanusha,MDS
Dhanusha,DLT
Kathmandu,BMN
Kapilvastu,MSLM
Siraha,MSLM
Kathmandu,AVS
Bhojpur,AVS
Udayapur,AVS
Okhaldhunga,AVS
Dang,BMN
Dang,DLT
Sunsari,DLT
Siraha,MDS
Kathmandu,BMN
Dang,MDS
Rautahat,MDS
Tanahu,BMN
Salyan,AVS
Arghakhanchi,MSLM
Parasi,MDS
Kathmandu,JNJT
Sindhupalchok,AVS
Sunsari,BMN
Siraha,MDS
Dhanusha,CHT
Terhathum,AVS
Udayapur,AVS
Bardiya,JNJT
Dhading,BMN
Sunsari,AVS
Udayapur,MSLM
Udayapur,MSLM
Sunsari,JNJT
Ilam,AVS
Dhanusha,MDS
Sunsari,DLT
Makwanpur,AVS
Udayapur,JNJT
Taplejung,AVS
Taplejung,AVS
Saptari,MDS
Saptari,MDS
Saptari,MDS
Doti,MDS
India,MSLM
Morang,AVS
Morang,AVS
Morang,MDS
Dang,CHT
Sindhupalchok,JNJT
Okhaldhunga,DLT
Sunsari,AVS
Sunsari,MDS
Saptari,MDS
Makwanpur,AVS
Jhapa,DLT
Rautahat,CHT
Kathmandu,CHT
Gorkha,AVS
Makwanpur,AVS
Kathmandu,AVS
Udayapur,CHT
Syangja,DLT
Dang,DLT
Saptari,MDS
Syangja,AVS
Saptari,MDS
Kailali,REG
Sarlahi,MDS
Kathmandu,MDS
Morang,MDS
Makwanpur,AVS
Dhanusha,MDS
Dolakha,JNJT
Sunsari,MSLM
Parsa,MDS
Kailali,JNJT
Rautahat,MDS
Dhanusha,MDS
Siraha,MSLM
Dolakha,AVS
Bhaktapur,CHT
Morang,MDS
Ramechhap,CHT
Terhathum,AVS
Okhaldhunga,DLT
Kathmandu,BMN
Nuwakot,BMN
Udayapur,BMN
Gulmi,BMN
Gulmi,CHT
Sindhuli,MDS
Jhapa,CHT
Palpa,DLT
Lalitpur,AVS
Jhapa,AVS
Kanchanpur,CHT
Nuwakot,BMN
Siraha,MDS
Banke,MDS
Banke,AVS
Lalitpur,DLT
Udayapur,JNJT
Ilam,AVS
Kathmandu,DLT
Bardiya,CHT
Lalitpur,AVS
Makwanpur,AVS
Bhojpur,BMN
Syangja,CHT
Bardiya,AVS
Sunsari,AVS
Kaski,CHT
Rupandehi,MSLM
Baitadi,KCHT
Lalitpur,BMN
Rupandehi,DLT
Kailali,DLT
Kathmandu,AVS
Kanchanpur,MDS
Ilam,DLT
Parsa,MSLM
Dang,BMN
Jhapa,BMN
Rupandehi,CHT
Siraha,MSLM
Saptari,AVS
Bhaktapur,OTR
Kailali,BMN
Kailali,CHT
Dolpa,AVS
Saptari,AVS
Salyan,BMN
Sunsari,MDS
Makwanpur,AVS
Banke,MDS
Morang,AVS
India,CHT
Tanahu,CHT
Siraha,MDS
Udayapur,AVS
Gulmi,JNJT
Parasi,JNJT
Dailekh,DLT
Kapilvastu,REG
Kathmandu,MDS
Bara,AVS
Syangja,KAVS
Khotang,AVS
Darchula,MDS
Rupandehi,MSLM
Parsa,AVS
Kailali,CHT
Palpa,CHT
Bara,MDS
Makwanpur,AVS
Morang,DLT
India,MDS
Saptari,MSLM
Morang,MDS
Dailekh,JNJT
Gorkha,DLT
Siraha,MDS
Saptari,OTR
Kailali,CHT
Saptari,MSLM
Siraha,AVS
Salyan,DLT
Siraha,AVS
Saptari,AVS
Bhojpur,AVS
Syangja,AVS
Rupandehi,MDS
Ramechhap,AVS
Dhanusha,JNJT
Siraha,MDS
Dang,BMN
Parsa,JNJT
Bhaktapur,CHT
Kapilvastu,MSLM
Kathmandu,MDS
Kanchanpur,AVS
Salyan,DLT
Sindhupalchok,AVS
Solukhumbu,CHT
Dadeldhura,JNJT
Bara,MDS
Morang,AVS
Sunsari,DLT
Parsa,AVS
Dang,DLT
Dailekh,BMN
Kailali,DLT
Sunsari,BMN
Kailali,DLT
Rupandehi,MSLM
Rupandehi,JNJT
Udayapur,AVS
Saptari,MDS
Dang,AVS
Jhapa,AVS
Jhapa,DLT
Morang,MDS
Dhankuta,AVS
Rupandehi,MDS
Sunsari,BMN
Morang,CHT
Nawalpur,MDS
Nawalpur,MDS
Nawalpur,MDS
Bhaktapur,BMN
Bhaktapur,AVS
Bhaktapur,JNJT
Bhaktapur,BMN
Bhaktapur,DLT
Okhaldhunga,AVS
Humla,REG
Saptari,BMN
Syangja,AVS
Syangja,JNJT
Syangja,BMN
Baglung,DLT
Bajhang,MDS
Kathmandu,CHT
Parasi,AVS
Bhaktapur,CHT
Morang,OTR
America,OTR
Kanchanpur,AVS
Banke,DLT
Kailali,REG
Makwanpur,REG
Lalitpur,AVS
Lalitpur,CHT
Saptari,DLT
Kavrepalanchok,AVS
Syangja,DLT
Jhapa,AVS
Parsa,MDS
Morang,CHT
Kapilvastu,BMN
Jhapa,OTR
Nuwakot,MSLM
Dhanusha,MDS
Dhading,MSLM
Bhaktapur,OTR
Kavrepalanchok,AVS
Sindhupalchok,CHT
Parasi,MDS
Gorkha,AVS
Dang,DLT
Ramechhap,BMN
Dhanusha,MDS
Kaski,AVS
Sindhupalchok,AVS
Achham,DLT
Humla,AVS
Humla,CHT
Syangja,AVS
Parasi,MDS
Parasi,MSLM
Gorkha,AVS
Okhaldhunga,CHT
Ramechhap,AVS
Bhojpur,BMN
Sindhupalchok,AVS
Bhaktapur,DLT
Sarlahi,MDS
Bardiya,JNJT
Parsa,MSLM
Bardiya,JNJT
Sunsari,MDS
Bardiya,JNJT
Nuwakot,AVS
Udayapur,AVS
Kailali,AVS
Morang,MDS
Kathmandu,CHT
Sindhupalchok,AVS
Dailekh,CHT
Jumla,JNJT
Bhaktapur,MDS
Kathmandu,AVS
Siraha,MSLM
Lalitpur,AVS
Kavrepalanchok,CHT
Palpa,CHT
Palpa,DLT
Parsa,BMN
Dang,KAVS
Bhaktapur,BMN
Ilam,CHT
Kapilvastu,MSLM
China,OTR
Bhojpur,AVS
Mahottari,BMN
Kalikot,REG
Kalikot,REG
Kalikot,REG
Syangja,DLT
Rupandehi,DLT
Kailali,AVS
Sunsari,CHT
Sunsari,CHT
Sunsari,DLT
Bhaktapur,AVS
Bardiya,DLT
Kathmandu,MDS
Sunsari,AVS
Lamjung,AVS
Siraha,MDS
Morang,MDS
Rolpa,BMN
Rolpa,BMN
Baitadi,AVS
Baitadi,AVS
Surkhet,JNJT
Surkhet,JNJT
Surkhet,JNJT
Bhaktapur,AVS
Bhaktapur,AVS
Kanchanpur,DLT
Rupandehi,REG
Dailekh,CHT
Sunsari,MSLM
Lalitpur,CHT
Kailali,OTR
Kailali,BMN
Kailali,BMN
Kailali,MDS
Taplejung,TBT
Morang,DLT
Makwanpur,BMN
Makwanpur,AVS
Makwanpur,AVS
Makwanpur,AVS
Makwanpur,BMN
Kanchanpur,DLT
Palpa,REG
Dang,MDS
Ramechhap,AVS
Kanchanpur,AVS
Nuwakot,AVS
Dhanusha,MDS
India,OTR
Kaski,DLT
Kavrepalanchok,BMN
Manang,AVS
Siraha,BMN
parsa,MSLM
India,BMN
Dhankuta,AVS
Parsa,MDS
Parsa,MDS
Siraha,MDS
Jhapa,AVS
Jhapa,DLT
Kanchanpur,DLT
Khotang,AVS
Kathmandu,AVS
Bhaktapur,AVS
Rolpa,MDS
Dang,MDS
Palpa,BMN
Bardiya,AVS
Saptari,MDS
Salyan,OTR
Nuwakot,DLT
Nuwakot,JNJT
Bara,AVS
Morang,AVS
Rautahat,MDS
Jhapa,AVS
Chitwan,BMN
Udayapur,JNJT
Siraha,BMN
Makwanpur,JNJT
Parsa,MDS
Parsa,MDS
Parsa,MDS
Lalitpur,OTR
Lalitpur,JNJT
Rautahat,MDS
Dang,AVS
Khotang,BMN
Sindhuli,DLT
Parsa,DLT
Sunsari,AVS
Gulmi,DLT
Dadeldhura,BMN
Doti,REG
Rupandehi,AVS
Kailali,BMN
Bhaktapur,OTR
Taplejung,BMN
Parasi,BMN
Dhanusha,BMN
Gorkha,AVS
Tanahu,AVS
Siraha,AVS
Kaski,DLT
Udayapur,DLT
Kailali,AVS
Dang,AVS
Dhankuta,DLT
Mustang,BMN
Mustang,BMN
Dang,AVS
Solukhumbu,TBT
Solukhumbu,TBT
Siraha,MDS
Morang,MDS
Kailali,DLT
Sarlahi,MDS
Morang,AVS
Siraha,MDS
Gorkha,BMN
Lalitpur,AVS
Dhankuta,AVS
Myagdi,OTR
Bardiya,JNJT
Syangja,JNJT
Rupandehi,MDS
Sunsari,MSLM
Rolpa,DLT
Rupandehi,JNJT
Sankhuwasabha,TBT
Kailali,AVS
Siraha,AVS
Kapilvastu,BMN
Bara,MDS
Parasi,MDS
Rupandehi,AVS
Humla,BMN
Humla,BMN
Kailali,AVS
Achham,OTR
Achham,CHT
Bajhang,DLT
Jumla,DLT
Jumla,DLT
Jumla,CHT
Rupandehi,CHT
Kailali,CHT
Bardiya,AVS
Dang,DLT
Dang,OTR
Bara,MDS
Mahottari,MDS
Udayapur,AVS
Parbat,BMN
Okhaldhunga,AVS
Lamjung,CHT
Rupandehi,DLT
Rautahat,MDS
Udayapur,AVS
Humla,CHT
Kailali,AVS
Sunsari,MDS
Bhaktapur,MDS
Bhojpur,JNJT
India,MSLM
Lalitpur,JNJT
Surkhet,DLT
Surkhet,DLT
Surkhet,MDS
Surkhet,MDS
Surkhet,BMN
Surkhet,CHT
Surkhet,DLT
Surkhet,JNJT
Surkhet,MDS
Dang,JNJT
Dang,OTR
Dang,JNJT
Ramechhap,AVS
Bajura,OTR
Dhankuta,CHT
Kaski,AVS
India,MSLM
Dang,DLT
Kavrepalanchok,DLT
Kavrepalanchok,AVS
Parasi,AVS
Sunsari,KAVS
Ramechhap,AVS
Dadeldhura,AVS
Sankhuwasabha,AVS
Bhojpur,AVS
Siraha,AVS
Sindhupalchok,AVS
Dhanusha,MDS
Salyan,OTR
Parsa,MSLM
Dang,MSLM
Kailali,REG
Kailali,BMN
Lalitpur,BMN
Parasi,CHT
Rupandehi,MDS
Kathmandu,BMN
Kathmandu,BMN
Bajhang,BMN
Lamjung,AVS
Dang,KAVS
Udayapur,DLT
Sarlahi,MDS
Sarlahi,MDS
Sunsari,AVS
Kailali,AVS
Rupandehi,CHT
Bhaktapur,MDS
Lamjung,OTR
Sindhupalchok,REG
Palpa,DLT
Udayapur,JNJT
Sindhuli,AVS
Sindhuli,JNJT
Sindhuli,JNJT
Bhojpur,AVS
Sarlahi,MDS
Tanahu,DLT
Nuwakot,DLT
Dhanusha,MDS
Tanahu,BMN
Tanahu,AVS
Dang,OTR
Dang,JNJT
Dang,DLT
Sindhupalchok,DLT
Solukhumbu,AVS
Rupandehi,DLT
Parsa,MDS
Parsa,MDS
Sarlahi,CHT
Morang,AVS
Dang,AVS
Udayapur,AVS
Rukum West,BMN
Kalikot,REG
India,OTR
Nawalpur,JNJT
Nawalpur,MDS
Nawalpur,KAVS
India,OTR
Kathmandu,REG
Kanchanpur,MDS
Sunsari,CHT
Rukum West,DLT
Nuwakot,BMN
Jhapa,CHT
Udayapur,AVS
Ramechhap,OTR
Siraha,MDS
Palpa,JNJT
Terhathum,DLT
Kathmandu,BMN
Dhankuta,DLT
Siraha,MDS
Dhanusha,AVS
Terhathum,AVS
Kathmandu,AVS
Myagdi,DLT
Myagdi,OTR
Myagdi,OTR
Dailekh,OTR
Dhanusha,MDS
Rukum East,OTR
Gulmi,DLT
Siraha,MDS
Parsa,MSLM
Udayapur,DLT
Rupandehi,JNJT
Chitwan,BMN
Nawalpur,MDS
Nawalpur,MDS
Kapilvastu,CHT
Gulmi,DLT
Mahottari,MDS
Mahottari,MDS
Terhathum,MDS
Dhanusha,MDS
Bhaktapur,OTR
Terhathum,DLT
Parasi,MDS
Parbat,BMN
Terhathum,CHT
Myagdi,MDS
Morang,MDS
Bhojpur,JNJT
Ramechhap,AVS
Ramechhap,AVS
Bara,MDS
Solukhumbu,DLT
Parsa,MSLM
Dang,MDS
Parsa,MDS
Parsa,MDS
Humla,AVS
Terhathum,AVS
Jhapa,BMN
Rupandehi,AVS
Morang,BMN
Ramechhap,DLT
Saptari,MDS
"Sitamadhi, India",MDS
Dhanusha,BMN
Jhapa,CHT
Sindhupalchok,AVS
Bardiya,JNJT
Bara,MDS
Khotang,OTR
Morang,BMN
Rupandehi,MDS
Rupandehi,MDS
Bardiya,AVS
Parsa,MDS
Dailekh,DLT
Jajarkot,CHT
Rautahat,MDS
Nuwakot,AVS
Sarlahi,JNJT
Kaski,BMN
Bardiya,JNJT
Mahottari,AVS
Sankhuwasabha,AVS
Khotang,BMN
Surkhet,DLT
Surkhet,AVS
Udayapur,AVS
Bara,BMN
Tanahu,DLT
Dhanusha,MDS
Rupandehi,BMN
Rolpa,BMN
Tanahu,DLT
Kirtipur,AVS
Dhanusha,MDS
Lalitpur,AVS
Saptari,MDS
Darchula,AVS
Khotang,AVS
Bara,MSLM
Arghakhanchi,MDS
Palpa,DLT
Myagdi,DLT
Baitadi,CHT
Saptari,MDS
Bardiya,DLT
Rupandehi,JNJT
Gulmi,BMN
Darchula,AVS
Kapilvastu,CHT
Kapilvastu,JNJT
Kapilvastu,CHT
Kapilvastu,BMN
Kapilvastu,CHT
Jumla,BMN
Jumla,BMN
Sankhuwasabha,DLT
Mugu,JNJT
Kailali,BMN
Baglung,BMN
Dolakha,CHT
Ramechhap,CHT
Jajarkot,JNJT
India,BMN
Darchula,KCHT
Dailekh,BMN
Pyuthan,DLT
Rupandehi,OTR
Jumla,BMN
Jhapa,AVS
Chitwan,OTR
Surkhet,DLT
Palpa,DLT
Terhathum,DLT
Palpa,DLT
Bara,AVS
Lalitpur,DLT
Makwanpur,MDS
Baglung,AVS
Jhapa,MDS
Ilam,CHT
Ilam,AVS
Kavrepalanchok,AVS
Mustang,DLT
Kathmandu,AVS
Sindhupalchok,TBT
Sarlahi,AVS
Bara,MDS
Bara,MDS
Bara,MDS
Mahottari,MDS
Nuwakot,CHT
Okhaldhunga,KAVS
Okhaldhunga,KAVS
Okhaldhunga,MDS
Rukum West,BMN
Rupandehi,OTR
Myagdi,DLT
Kailali,AVS
Dhankuta,BMN
Dang,DLT
Dang,AVS
Makwanpur,OTR
Palpa,BMN
Bajhang,BMN
Bara,AVS
Taplejung,AVS
Udayapur,DLT
Udayapur,CHT
Doti,CHT
Saptari,MDS
Jajarkot,DLT
Khotang,JNJT
Morang,MDS
Ramechhap,BMN
Parsa,CHT
Bhaktapur,CHT
Saptari,MDS
Dhading,DLT
Kaski,BMN
Mustang,AVS
Banke,MSLM
Sindhupalchok,DLT
Kathmandu,CHT
Kathmandu,CHT
Kathmandu,CHT
Rautahat,AVS
Kanchanpur,MSLM
Morang,MSLM
Sunsari,AVS
Salyan,BMN
Salyan,CHT
Kailali,BMN
Bhojpur,AVS
Dhankuta,AVS
Rupandehi,BMN
Dolakha,DLT
Bhojpur,CHT
Bardiya,OTR
Nuwakot,AVS
Gulmi,AVS
Sindhupalchok,KAVS
Bardiya,DLT
Banke,AVS
Kapilvastu,DLT
Rupandehi,DLT
Rupandehi,DLT
Siraha,MDS
Dang,AVS
Morang,CHT
Kanchanpur,DLT
Jhapa,MDS
Jhapa,AVS
Kanchanpur,JNJT
Terhathum,DLT
Dang,BMN
Palpa,OTR
Kapilvastu,BMN
Siraha,MDS
Rupandehi,DLT
Sunsari,CHT
Banke,BMN
Nawalpur,DLT
Humla,DLT
Dang,DLT
Morang,AVS
Dhanusha,MDS
Gulmi,DLT
Palpa,DLT
Dhanusha,MDS
Dhanusha,MSLM
Rolpa,CHT
Rupandehi,DLT
Rupandehi,CHT
Gulmi,DLT
Sankhuwasabha,TBT
Siraha,MDS
Dang,CHT
Bhaktapur,CHT
Myagdi,BMN
Chitwan,CHT
Nawalpur,MSLM
Kapilvastu,DLT
Kapilvastu,AVS
Jumla,MDS
Humla,DLT
Kapilvastu,MDS
Kapilvastu,MDS
Kapilvastu,MDS
Nuwakot,AVS
Nuwakot,AVS
Nuwakot,AVS
Kailali,REG
Mahottari,MDS
Myagdi,BMN
Lalitpur,AVS
Ramechhap,BMN
Okhaldhunga,DLT
Kalikot,MDS
Lamjung,AVS
Bara,MSLM
Panchthar,OTR
Siraha,MDS
Kathmandu,BMN
Sarlahi,MDS
India,MDS
India,MDS
Salyan,JNJT
Salyan,JNJT
Baitadi,AVS
Baitadi,AVS
Rupandehi,DLT
Dang,BMN
Salyan,BMN
Salyan,CHT
Jhapa,AVS
Kaski,REG
Kaski,BMN
Kaski,BMN
Kaski,BMN
Kaski,REG
Kaski,BMN
Kaski,BMN
Kaski,DLT
Lamjung,AVS
Panchthar,AVS
Jhapa,OTR
Parsa,AVS
Morang,MDS
Morang,MDS
Morang,MDS
Taplejung,AVS
Kailali,OTR
Parsa,MDS
Ramechhap,CHT
Gorkha,JNJT
Lalitpur,DLT
Jhapa,BMN
Sarlahi,MDS
Parsa,MSLM
Morang,DLT
Baitadi,DLT
Rupandehi,MSLM
Mahottari,DLT
Mahottari,JNJT
Chitwan,AVS
Udayapur,JNJT
Nuwakot,DLT
Dang,BMN
Dailekh,BMN
Dhanusha,AVS
Salyan,BMN
Kapilvastu,BMN
Parsa,MDS
Sindhupalchok,CHT
Morang,DLT
Dhading,AVS
Salyan,JNJT
Lalitpur,AVS
Bhaktapur,CHT
Kathmandu,AVS
Rupandehi,CHT
Tanahu,CHT
Dang,AVS
Kapilvastu,OTR
Dhading,BMN
Bardiya,AVS
India,MSLM
Lalitpur,DLT
Lalitpur,DLT
Bhaktapur,AVS
Mahottari,AVS
Dang,DLT
Rupandehi,MDS
Okhaldhunga,AVS
Dolpa,JNJT
Udayapur,DLT
Udayapur,DLT
Kailali,CHT
Kailali,AVS
Dolpa,JNJT
Sunsari,MSLM
Nuwakot,CHT
Gulmi,DLT
Kanchanpur,JNJT
Kanchanpur,MDS
Kanchanpur,MDS
Rupandehi,CHT
Terhathum,AVS
Kanchanpur,CHT
Bardiya,BMN
Bhaktapur,MSLM
Terhathum,AVS
Morang,BMN
Morang,AVS
Bhojpur,TBT
Udayapur,AVS
Kailali,AVS
Palpa,DLT
Kavrepalanchok,CHT
Rupandehi,CHT
Siraha,DLT
Solukhumbu,TBT
Udayapur,DLT
Sindhupalchok,BMN
Sunsari,MSLM
Dang,BMN
Sankhuwasabha,DLT
Morang,DLT
India,MDS
Khotang,AVS
Syangja,CHT
"India, Baliya",MDS
Dhankuta,AVS
Rupandehi,AVS
Udayapur,REG
Sindhuli,DLT
Dailekh,BMN
Panchthar,DLT
Sunsari,DLT
Solukhumbu,AVS
Nawalpur,MDs
Jhapa,BMN
Saptari,AVS
Morang,BMN
Morang,AVS
Rupandehi,BMN
Rupandehi,DLT
Dang,BMN
Baglung,DLT
Morang,BMN
Morang,AVS
Jumla,DLT
Sarlahi,MDS
Dang,AVS
Siraha,MDS
Rautahat,MSLM
Banke,KG
Baglung,DLT
Baglung,DLT
Siraha,MDS
Sunsari,MDS
Terhathum,MDS
Kanchanpur,MDS
Humla,DLT
Rupandehi,BMN
Gorkha,BMN
Sarlahi,MDS
Bhaktapur,AVS
Bhojpur,CHT
Saptari,MDS
Siraha,MDS
Rupandehi,AVS
Ramechhap,AVS
Rautahat,MSLM
Dhankuta,AVS
Sankhuwasabha,AVS
Kailali,AVS
Kailali,AVS
Kailali,CHT
Kailali,AVS
Darchula,CHT
Tanahu,CHT
Ramechhap,CHT
Kalikot,CHT
Parsa,CHT
sarlahi,MSLM
Bhaktapur,BMN
Palpa,DLT
Terhathum,DLT
Sarlahi,MDS
Parasi,AVS
Darchula,BMN
Sindhupalchok,BMN
Nawalpur,DLT
Sankhuwasabha,AVS
Dhanusha,MDS
Pyuthan,DLT
Pyuthan,REG
Rupandehi,MSLM
Siraha,MDS
Dhading,AVS
Rupandehi,DLT
Sarlahi,MDS
Sindhupalchok,AVS
Kathmandu,AVS
Kathmandu,AVS
Dang,BMN
Saptari,MDS
Dang,DLT
Jhapa,KAVS
sarlahi,MDS
Hetauda,BMN
Nuwakot,AVS
Rupandehi,CHT
Rupandehi,CHT
Jhapa,MSLM
Nuwakot,AVS
Nuwakot,AVS
Jhapa,DLT
Sunsari,MDS
Dolakha,CHT
Dang,DLT
Siraha,MDS
Udayapur,AVS
sarlahi,BMN
Dang,CHT
Kanchanpur,DLT
Dang,MDS
Lalitpur,BMN
Dang,CHT
Siraha,REG
Dhading,MDS
Dolakha,AVS
Rukum West,REG
Bardiya,DLT
Bardiya,DLT
Bardiya,DLT
Bardiya,DLT
Morang,MDS
Siraha,MDS
Dang,MSLM
Dang,MSLM
Dang,MSLM
Gorkha,KAVS
Nawalpur,DLT
Nuwakot,AVS
Bhojpur,AVS
Mahottari,AVS
Baglung,CHT
Nawalpur,OTR
Saptari,OTR
Sarlahi,MDS
Saptari,MDS
Parsa,MDS
Kapilvastu,AVS
Morang,AVS
Mustang,DLT
Parsa,MSLM
Terhathum,AVS
Udayapur,AVS
Rupandehi,DLT
Humla,JNJT
Lalitpur,BMN
Rupandehi,DLT
Jhapa,AVS
Gulmi,BMN
Saptari,MDS
Jhapa,CHT
Dang,DLT
Sindhuli,MDS
Kanchanpur,DLT